"scenario","area","period","age","education","rate","age_group","p","period_min","period_max"
"SSP2","Zambia","2015-2020","15--19",1,144,4,0.144,2015,2020
"SSP2","Zambia","2020-2025","15--19",1,131,4,0.131,2020,2025
"SSP2","Zambia","2025-2030","15--19",1,116,4,0.116,2025,2030
"SSP2","Zambia","2030-2035","15--19",1,99,4,0.099,2030,2035
"SSP2","Zambia","2035-2040","15--19",1,83,4,0.083,2035,2040
"SSP2","Zambia","2040-2045","15--19",1,70,4,0.07,2040,2045
"SSP2","Zambia","2045-2050","15--19",1,58,4,0.058,2045,2050
"SSP2","Zambia","2050-2055","15--19",1,49,4,0.049,2050,2055
"SSP2","Zambia","2055-2060","15--19",1,42,4,0.042,2055,2060
"SSP2","Zambia","2060-2065","15--19",1,37,4,0.037,2060,2065
"SSP2","Zambia","2065-2070","15--19",1,33,4,0.033,2065,2070
"SSP2","Zambia","2075-2080","15--19",1,27,4,0.027,2075,2080
"SSP2","Zambia","2015-2020","20--24",1,402,5,0.402,2015,2020
"SSP2","Zambia","2020-2025","20--24",1,397,5,0.397,2020,2025
"SSP2","Zambia","2025-2030","20--24",1,393,5,0.393,2025,2030
"SSP2","Zambia","2030-2035","20--24",1,374,5,0.374,2030,2035
"SSP2","Zambia","2035-2040","20--24",1,349,5,0.349,2035,2040
"SSP2","Zambia","2040-2045","20--24",1,319,5,0.319,2040,2045
"SSP2","Zambia","2045-2050","20--24",1,290,5,0.29,2045,2050
"SSP2","Zambia","2050-2055","20--24",1,264,5,0.264,2050,2055
"SSP2","Zambia","2055-2060","20--24",1,241,5,0.241,2055,2060
"SSP2","Zambia","2060-2065","20--24",1,223,5,0.223,2060,2065
"SSP2","Zambia","2065-2070","20--24",1,210,5,0.21,2065,2070
"SSP2","Zambia","2075-2080","20--24",1,188,5,0.188,2075,2080
"SSP2","Zambia","2015-2020","25--29",1,368,6,0.368,2015,2020
"SSP2","Zambia","2020-2025","25--29",1,355,6,0.355,2020,2025
"SSP2","Zambia","2025-2030","25--29",1,349,6,0.349,2025,2030
"SSP2","Zambia","2030-2035","25--29",1,327,6,0.327,2030,2035
"SSP2","Zambia","2035-2040","25--29",1,299,6,0.299,2035,2040
"SSP2","Zambia","2040-2045","25--29",1,269,6,0.269,2040,2045
"SSP2","Zambia","2045-2050","25--29",1,239,6,0.239,2045,2050
"SSP2","Zambia","2050-2055","25--29",1,213,6,0.213,2050,2055
"SSP2","Zambia","2055-2060","25--29",1,191,6,0.191,2055,2060
"SSP2","Zambia","2060-2065","25--29",1,175,6,0.175,2060,2065
"SSP2","Zambia","2065-2070","25--29",1,163,6,0.163,2065,2070
"SSP2","Zambia","2075-2080","25--29",1,146,6,0.146,2075,2080
"SSP2","Zambia","2015-2020","30--34",1,257,7,0.257,2015,2020
"SSP2","Zambia","2020-2025","30--34",1,246,7,0.246,2020,2025
"SSP2","Zambia","2025-2030","30--34",1,212,7,0.212,2025,2030
"SSP2","Zambia","2030-2035","30--34",1,189,7,0.189,2030,2035
"SSP2","Zambia","2035-2040","30--34",1,164,7,0.164,2035,2040
"SSP2","Zambia","2040-2045","30--34",1,141,7,0.141,2040,2045
"SSP2","Zambia","2045-2050","30--34",1,121,7,0.121,2045,2050
"SSP2","Zambia","2050-2055","30--34",1,104,7,0.104,2050,2055
"SSP2","Zambia","2055-2060","30--34",1,91,7,0.091,2055,2060
"SSP2","Zambia","2060-2065","30--34",1,82,7,0.082,2060,2065
"SSP2","Zambia","2065-2070","30--34",1,76,7,0.076,2065,2070
"SSP2","Zambia","2075-2080","30--34",1,68,7,0.068,2075,2080
"SSP2","Zambia","2015-2020","35--39",1,168,8,0.168,2015,2020
"SSP2","Zambia","2020-2025","35--39",1,147,8,0.147,2020,2025
"SSP2","Zambia","2025-2030","35--39",1,128,8,0.128,2025,2030
"SSP2","Zambia","2030-2035","35--39",1,112,8,0.112,2030,2035
"SSP2","Zambia","2035-2040","35--39",1,95,8,0.095,2035,2040
"SSP2","Zambia","2040-2045","35--39",1,80,8,0.08,2040,2045
"SSP2","Zambia","2045-2050","35--39",1,67,8,0.067,2045,2050
"SSP2","Zambia","2050-2055","35--39",1,57,8,0.057,2050,2055
"SSP2","Zambia","2055-2060","35--39",1,49,8,0.049,2055,2060
"SSP2","Zambia","2060-2065","35--39",1,43,8,0.043,2060,2065
"SSP2","Zambia","2065-2070","35--39",1,39,8,0.039,2065,2070
"SSP2","Zambia","2075-2080","35--39",1,33,8,0.033,2075,2080
"SSP2","Zambia","2015-2020","40--44",1,75,9,0.075,2015,2020
"SSP2","Zambia","2020-2025","40--44",1,65,9,0.065,2020,2025
"SSP2","Zambia","2025-2030","40--44",1,56,9,0.056,2025,2030
"SSP2","Zambia","2030-2035","40--44",1,48,9,0.048,2030,2035
"SSP2","Zambia","2035-2040","40--44",1,40,9,0.04,2035,2040
"SSP2","Zambia","2040-2045","40--44",1,33,9,0.033,2040,2045
"SSP2","Zambia","2045-2050","40--44",1,27,9,0.027,2045,2050
"SSP2","Zambia","2050-2055","40--44",1,23,9,0.023,2050,2055
"SSP2","Zambia","2055-2060","40--44",1,19,9,0.019,2055,2060
"SSP2","Zambia","2060-2065","40--44",1,16,9,0.016,2060,2065
"SSP2","Zambia","2065-2070","40--44",1,14,9,0.014,2065,2070
"SSP2","Zambia","2075-2080","40--44",1,11,9,0.011,2075,2080
"SSP2","Zambia","2015-2020","45--49",1,19,10,0.019,2015,2020
"SSP2","Zambia","2020-2025","45--49",1,15,10,0.015,2020,2025
"SSP2","Zambia","2025-2030","45--49",1,12,10,0.012,2025,2030
"SSP2","Zambia","2030-2035","45--49",1,10,10,0.01,2030,2035
"SSP2","Zambia","2035-2040","45--49",1,7,10,0.007,2035,2040
"SSP2","Zambia","2040-2045","45--49",1,6,10,0.006,2040,2045
"SSP2","Zambia","2045-2050","45--49",1,4,10,0.004,2045,2050
"SSP2","Zambia","2050-2055","45--49",1,3,10,0.003,2050,2055
"SSP2","Zambia","2055-2060","45--49",1,2,10,0.002,2055,2060
"SSP2","Zambia","2060-2065","45--49",1,1,10,0.001,2060,2065
"SSP2","Zambia","2065-2070","45--49",1,1,10,0.001,2065,2070
"SSP2","Zambia","2075-2080","45--49",1,9,10,0.009,2075,2080
"SSP2","Zambia","2015-2020","15--19",2,134,4,0.134,2015,2020
"SSP2","Zambia","2020-2025","15--19",2,122,4,0.122,2020,2025
"SSP2","Zambia","2025-2030","15--19",2,109,4,0.109,2025,2030
"SSP2","Zambia","2030-2035","15--19",2,94,4,0.094,2030,2035
"SSP2","Zambia","2035-2040","15--19",2,79,4,0.079,2035,2040
"SSP2","Zambia","2040-2045","15--19",2,67,4,0.067,2040,2045
"SSP2","Zambia","2045-2050","15--19",2,56,4,0.056,2045,2050
"SSP2","Zambia","2050-2055","15--19",2,48,4,0.048,2050,2055
"SSP2","Zambia","2055-2060","15--19",2,41,4,0.041,2055,2060
"SSP2","Zambia","2060-2065","15--19",2,36,4,0.036,2060,2065
"SSP2","Zambia","2065-2070","15--19",2,32,4,0.032,2065,2070
"SSP2","Zambia","2075-2080","15--19",2,26,4,0.026,2075,2080
"SSP2","Zambia","2015-2020","20--24",2,373,5,0.373,2015,2020
"SSP2","Zambia","2020-2025","20--24",2,368,5,0.368,2020,2025
"SSP2","Zambia","2025-2030","20--24",2,369,5,0.369,2025,2030
"SSP2","Zambia","2030-2035","20--24",2,354,5,0.354,2030,2035
"SSP2","Zambia","2035-2040","20--24",2,332,5,0.332,2035,2040
"SSP2","Zambia","2040-2045","20--24",2,306,5,0.306,2040,2045
"SSP2","Zambia","2045-2050","20--24",2,280,5,0.28,2045,2050
"SSP2","Zambia","2050-2055","20--24",2,256,5,0.256,2050,2055
"SSP2","Zambia","2055-2060","20--24",2,236,5,0.236,2055,2060
"SSP2","Zambia","2060-2065","20--24",2,220,5,0.22,2060,2065
"SSP2","Zambia","2065-2070","20--24",2,207,5,0.207,2065,2070
"SSP2","Zambia","2075-2080","20--24",2,187,5,0.187,2075,2080
"SSP2","Zambia","2015-2020","25--29",2,342,6,0.342,2015,2020
"SSP2","Zambia","2020-2025","25--29",2,330,6,0.33,2020,2025
"SSP2","Zambia","2025-2030","25--29",2,327,6,0.327,2025,2030
"SSP2","Zambia","2030-2035","25--29",2,309,6,0.309,2030,2035
"SSP2","Zambia","2035-2040","25--29",2,285,6,0.285,2035,2040
"SSP2","Zambia","2040-2045","25--29",2,257,6,0.257,2040,2045
"SSP2","Zambia","2045-2050","25--29",2,230,6,0.23,2045,2050
"SSP2","Zambia","2050-2055","25--29",2,207,6,0.207,2050,2055
"SSP2","Zambia","2055-2060","25--29",2,187,6,0.187,2055,2060
"SSP2","Zambia","2060-2065","25--29",2,172,6,0.172,2060,2065
"SSP2","Zambia","2065-2070","25--29",2,161,6,0.161,2065,2070
"SSP2","Zambia","2075-2080","25--29",2,145,6,0.145,2075,2080
"SSP2","Zambia","2015-2020","30--34",2,239,7,0.239,2015,2020
"SSP2","Zambia","2020-2025","30--34",2,231,7,0.231,2020,2025
"SSP2","Zambia","2025-2030","30--34",2,199,7,0.199,2025,2030
"SSP2","Zambia","2030-2035","30--34",2,178,7,0.178,2030,2035
"SSP2","Zambia","2035-2040","30--34",2,156,7,0.156,2035,2040
"SSP2","Zambia","2040-2045","30--34",2,135,7,0.135,2040,2045
"SSP2","Zambia","2045-2050","30--34",2,117,7,0.117,2045,2050
"SSP2","Zambia","2050-2055","30--34",2,101,7,0.101,2050,2055
"SSP2","Zambia","2055-2060","30--34",2,89,7,0.089,2055,2060
"SSP2","Zambia","2060-2065","30--34",2,81,7,0.081,2060,2065
"SSP2","Zambia","2065-2070","30--34",2,75,7,0.075,2065,2070
"SSP2","Zambia","2075-2080","30--34",2,67,7,0.067,2075,2080
"SSP2","Zambia","2015-2020","35--39",2,156,8,0.156,2015,2020
"SSP2","Zambia","2020-2025","35--39",2,140,8,0.14,2020,2025
"SSP2","Zambia","2025-2030","35--39",2,120,8,0.12,2025,2030
"SSP2","Zambia","2030-2035","35--39",2,105,8,0.105,2030,2035
"SSP2","Zambia","2035-2040","35--39",2,91,8,0.091,2035,2040
"SSP2","Zambia","2040-2045","35--39",2,77,8,0.077,2040,2045
"SSP2","Zambia","2045-2050","35--39",2,65,8,0.065,2045,2050
"SSP2","Zambia","2050-2055","35--39",2,56,8,0.056,2050,2055
"SSP2","Zambia","2055-2060","35--39",2,48,8,0.048,2055,2060
"SSP2","Zambia","2060-2065","35--39",2,43,8,0.043,2060,2065
"SSP2","Zambia","2065-2070","35--39",2,38,8,0.038,2065,2070
"SSP2","Zambia","2075-2080","35--39",2,32,8,0.032,2075,2080
"SSP2","Zambia","2015-2020","40--44",2,70,9,0.07,2015,2020
"SSP2","Zambia","2020-2025","40--44",2,60,9,0.06,2020,2025
"SSP2","Zambia","2025-2030","40--44",2,53,9,0.053,2025,2030
"SSP2","Zambia","2030-2035","40--44",2,45,9,0.045,2030,2035
"SSP2","Zambia","2035-2040","40--44",2,38,9,0.038,2035,2040
"SSP2","Zambia","2040-2045","40--44",2,32,9,0.032,2040,2045
"SSP2","Zambia","2045-2050","40--44",2,26,9,0.026,2045,2050
"SSP2","Zambia","2050-2055","40--44",2,22,9,0.022,2050,2055
"SSP2","Zambia","2055-2060","40--44",2,18,9,0.018,2055,2060
"SSP2","Zambia","2060-2065","40--44",2,16,9,0.016,2060,2065
"SSP2","Zambia","2065-2070","40--44",2,14,9,0.014,2065,2070
"SSP2","Zambia","2075-2080","40--44",2,11,9,0.011,2075,2080
"SSP2","Zambia","2015-2020","45--49",2,18,10,0.018,2015,2020
"SSP2","Zambia","2020-2025","45--49",2,14,10,0.014,2020,2025
"SSP2","Zambia","2025-2030","45--49",2,11,10,0.011,2025,2030
"SSP2","Zambia","2030-2035","45--49",2,9,10,0.009,2030,2035
"SSP2","Zambia","2035-2040","45--49",2,7,10,0.007,2035,2040
"SSP2","Zambia","2040-2045","45--49",2,5,10,0.005,2040,2045
"SSP2","Zambia","2045-2050","45--49",2,4,10,0.004,2045,2050
"SSP2","Zambia","2050-2055","45--49",2,3,10,0.003,2050,2055
"SSP2","Zambia","2055-2060","45--49",2,2,10,0.002,2055,2060
"SSP2","Zambia","2060-2065","45--49",2,1,10,0.001,2060,2065
"SSP2","Zambia","2065-2070","45--49",2,1,10,0.001,2065,2070
"SSP2","Zambia","2075-2080","45--49",2,9,10,0.009,2075,2080
"SSP2","Zambia","2015-2020","15--19",3,109,4,0.109,2015,2020
"SSP2","Zambia","2020-2025","15--19",3,101,4,0.101,2020,2025
"SSP2","Zambia","2025-2030","15--19",3,92,4,0.092,2025,2030
"SSP2","Zambia","2030-2035","15--19",3,80,4,0.08,2030,2035
"SSP2","Zambia","2035-2040","15--19",3,69,4,0.069,2035,2040
"SSP2","Zambia","2040-2045","15--19",3,60,4,0.06,2040,2045
"SSP2","Zambia","2045-2050","15--19",3,51,4,0.051,2045,2050
"SSP2","Zambia","2050-2055","15--19",3,44,4,0.044,2050,2055
"SSP2","Zambia","2055-2060","15--19",3,39,4,0.039,2055,2060
"SSP2","Zambia","2060-2065","15--19",3,35,4,0.035,2060,2065
"SSP2","Zambia","2065-2070","15--19",3,31,4,0.031,2065,2070
"SSP2","Zambia","2075-2080","15--19",3,26,4,0.026,2075,2080
"SSP2","Zambia","2015-2020","20--24",3,305,5,0.305,2015,2020
"SSP2","Zambia","2020-2025","20--24",3,299,5,0.299,2020,2025
"SSP2","Zambia","2025-2030","20--24",3,306,5,0.306,2025,2030
"SSP2","Zambia","2030-2035","20--24",3,304,5,0.304,2030,2035
"SSP2","Zambia","2035-2040","20--24",3,291,5,0.291,2035,2040
"SSP2","Zambia","2040-2045","20--24",3,274,5,0.274,2040,2045
"SSP2","Zambia","2045-2050","20--24",3,256,5,0.256,2045,2050
"SSP2","Zambia","2050-2055","20--24",3,239,5,0.239,2050,2055
"SSP2","Zambia","2055-2060","20--24",3,223,5,0.223,2055,2060
"SSP2","Zambia","2060-2065","20--24",3,211,5,0.211,2060,2065
"SSP2","Zambia","2065-2070","20--24",3,201,5,0.201,2065,2070
"SSP2","Zambia","2075-2080","20--24",3,184,5,0.184,2075,2080
"SSP2","Zambia","2015-2020","25--29",3,279,6,0.279,2015,2020
"SSP2","Zambia","2020-2025","25--29",3,270,6,0.27,2020,2025
"SSP2","Zambia","2025-2030","25--29",3,268,6,0.268,2025,2030
"SSP2","Zambia","2030-2035","25--29",3,265,6,0.265,2030,2035
"SSP2","Zambia","2035-2040","25--29",3,250,6,0.25,2035,2040
"SSP2","Zambia","2040-2045","25--29",3,230,6,0.23,2040,2045
"SSP2","Zambia","2045-2050","25--29",3,211,6,0.211,2045,2050
"SSP2","Zambia","2050-2055","25--29",3,192,6,0.192,2050,2055
"SSP2","Zambia","2055-2060","25--29",3,177,6,0.177,2055,2060
"SSP2","Zambia","2060-2065","25--29",3,165,6,0.165,2060,2065
"SSP2","Zambia","2065-2070","25--29",3,156,6,0.156,2065,2070
"SSP2","Zambia","2075-2080","25--29",3,143,6,0.143,2075,2080
"SSP2","Zambia","2015-2020","30--34",3,195,7,0.195,2015,2020
"SSP2","Zambia","2020-2025","30--34",3,188,7,0.188,2020,2025
"SSP2","Zambia","2025-2030","30--34",3,180,7,0.18,2025,2030
"SSP2","Zambia","2030-2035","30--34",3,153,7,0.153,2030,2035
"SSP2","Zambia","2035-2040","30--34",3,137,7,0.137,2035,2040
"SSP2","Zambia","2040-2045","30--34",3,121,7,0.121,2040,2045
"SSP2","Zambia","2045-2050","30--34",3,107,7,0.107,2045,2050
"SSP2","Zambia","2050-2055","30--34",3,94,7,0.094,2050,2055
"SSP2","Zambia","2055-2060","30--34",3,85,7,0.085,2055,2060
"SSP2","Zambia","2060-2065","30--34",3,78,7,0.078,2060,2065
"SSP2","Zambia","2065-2070","30--34",3,73,7,0.073,2065,2070
"SSP2","Zambia","2075-2080","30--34",3,66,7,0.066,2075,2080
"SSP2","Zambia","2015-2020","35--39",3,127,8,0.127,2015,2020
"SSP2","Zambia","2020-2025","35--39",3,123,8,0.123,2020,2025
"SSP2","Zambia","2025-2030","35--39",3,102,8,0.102,2025,2030
"SSP2","Zambia","2030-2035","35--39",3,90,8,0.09,2030,2035
"SSP2","Zambia","2035-2040","35--39",3,79,8,0.079,2035,2040
"SSP2","Zambia","2040-2045","35--39",3,69,8,0.069,2040,2045
"SSP2","Zambia","2045-2050","35--39",3,60,8,0.06,2045,2050
"SSP2","Zambia","2050-2055","35--39",3,52,8,0.052,2050,2055
"SSP2","Zambia","2055-2060","35--39",3,46,8,0.046,2055,2060
"SSP2","Zambia","2060-2065","35--39",3,41,8,0.041,2060,2065
"SSP2","Zambia","2065-2070","35--39",3,37,8,0.037,2065,2070
"SSP2","Zambia","2075-2080","35--39",3,32,8,0.032,2075,2080
"SSP2","Zambia","2015-2020","40--44",3,57,9,0.057,2015,2020
"SSP2","Zambia","2020-2025","40--44",3,55,9,0.055,2020,2025
"SSP2","Zambia","2025-2030","40--44",3,44,9,0.044,2025,2030
"SSP2","Zambia","2030-2035","40--44",3,39,9,0.039,2030,2035
"SSP2","Zambia","2035-2040","40--44",3,34,9,0.034,2035,2040
"SSP2","Zambia","2040-2045","40--44",3,29,9,0.029,2040,2045
"SSP2","Zambia","2045-2050","40--44",3,24,9,0.024,2045,2050
"SSP2","Zambia","2050-2055","40--44",3,20,9,0.02,2050,2055
"SSP2","Zambia","2055-2060","40--44",3,18,9,0.018,2055,2060
"SSP2","Zambia","2060-2065","40--44",3,15,9,0.015,2060,2065
"SSP2","Zambia","2065-2070","40--44",3,13,9,0.013,2065,2070
"SSP2","Zambia","2075-2080","40--44",3,10,9,0.01,2075,2080
"SSP2","Zambia","2015-2020","45--49",3,15,10,0.015,2015,2020
"SSP2","Zambia","2020-2025","45--49",3,13,10,0.013,2020,2025
"SSP2","Zambia","2025-2030","45--49",3,10,10,0.01,2025,2030
"SSP2","Zambia","2030-2035","45--49",3,8,10,0.008,2030,2035
"SSP2","Zambia","2035-2040","45--49",3,6,10,0.006,2035,2040
"SSP2","Zambia","2040-2045","45--49",3,5,10,0.005,2040,2045
"SSP2","Zambia","2045-2050","45--49",3,4,10,0.004,2045,2050
"SSP2","Zambia","2050-2055","45--49",3,3,10,0.003,2050,2055
"SSP2","Zambia","2055-2060","45--49",3,2,10,0.002,2055,2060
"SSP2","Zambia","2060-2065","45--49",3,1,10,0.001,2060,2065
"SSP2","Zambia","2065-2070","45--49",3,1,10,0.001,2065,2070
"SSP2","Zambia","2075-2080","45--49",3,9,10,0.009,2075,2080
"SSP2","Zambia","2015-2020","15--19",4,63,4,0.063,2015,2020
"SSP2","Zambia","2020-2025","15--19",4,59,4,0.059,2020,2025
"SSP2","Zambia","2025-2030","15--19",4,54,4,0.054,2025,2030
"SSP2","Zambia","2030-2035","15--19",4,48,4,0.048,2030,2035
"SSP2","Zambia","2035-2040","15--19",4,42,4,0.042,2035,2040
"SSP2","Zambia","2040-2045","15--19",4,37,4,0.037,2040,2045
"SSP2","Zambia","2045-2050","15--19",4,32,4,0.032,2045,2050
"SSP2","Zambia","2050-2055","15--19",4,28,4,0.028,2050,2055
"SSP2","Zambia","2055-2060","15--19",4,25,4,0.025,2055,2060
"SSP2","Zambia","2060-2065","15--19",4,22,4,0.022,2060,2065
"SSP2","Zambia","2065-2070","15--19",4,20,4,0.02,2065,2070
"SSP2","Zambia","2075-2080","15--19",4,17,4,0.017,2075,2080
"SSP2","Zambia","2015-2020","20--24",4,224,5,0.224,2015,2020
"SSP2","Zambia","2020-2025","20--24",4,223,5,0.223,2020,2025
"SSP2","Zambia","2025-2030","20--24",4,223,5,0.223,2025,2030
"SSP2","Zambia","2030-2035","20--24",4,231,5,0.231,2030,2035
"SSP2","Zambia","2035-2040","20--24",4,233,5,0.233,2035,2040
"SSP2","Zambia","2040-2045","20--24",4,225,5,0.225,2040,2045
"SSP2","Zambia","2045-2050","20--24",4,215,5,0.215,2045,2050
"SSP2","Zambia","2050-2055","20--24",4,205,5,0.205,2050,2055
"SSP2","Zambia","2055-2060","20--24",4,196,5,0.196,2055,2060
"SSP2","Zambia","2060-2065","20--24",4,187,5,0.187,2060,2065
"SSP2","Zambia","2065-2070","20--24",4,180,5,0.18,2065,2070
"SSP2","Zambia","2075-2080","20--24",4,169,5,0.169,2075,2080
"SSP2","Zambia","2015-2020","25--29",4,216,6,0.216,2015,2020
"SSP2","Zambia","2020-2025","25--29",4,213,6,0.213,2020,2025
"SSP2","Zambia","2025-2030","25--29",4,209,6,0.209,2025,2030
"SSP2","Zambia","2030-2035","25--29",4,210,6,0.21,2030,2035
"SSP2","Zambia","2035-2040","25--29",4,219,6,0.219,2035,2040
"SSP2","Zambia","2040-2045","25--29",4,209,6,0.209,2040,2045
"SSP2","Zambia","2045-2050","25--29",4,197,6,0.197,2045,2050
"SSP2","Zambia","2050-2055","25--29",4,184,6,0.184,2050,2055
"SSP2","Zambia","2055-2060","25--29",4,173,6,0.173,2055,2060
"SSP2","Zambia","2060-2065","25--29",4,164,6,0.164,2060,2065
"SSP2","Zambia","2065-2070","25--29",4,157,6,0.157,2065,2070
"SSP2","Zambia","2075-2080","25--29",4,148,6,0.148,2075,2080
"SSP2","Zambia","2015-2020","30--34",4,153,7,0.153,2015,2020
"SSP2","Zambia","2020-2025","30--34",4,151,7,0.151,2020,2025
"SSP2","Zambia","2025-2030","30--34",4,148,7,0.148,2025,2030
"SSP2","Zambia","2030-2035","30--34",4,149,7,0.149,2030,2035
"SSP2","Zambia","2035-2040","30--34",4,122,7,0.122,2035,2040
"SSP2","Zambia","2040-2045","30--34",4,111,7,0.111,2040,2045
"SSP2","Zambia","2045-2050","30--34",4,101,7,0.101,2045,2050
"SSP2","Zambia","2050-2055","30--34",4,91,7,0.091,2050,2055
"SSP2","Zambia","2055-2060","30--34",4,84,7,0.084,2055,2060
"SSP2","Zambia","2060-2065","30--34",4,78,7,0.078,2060,2065
"SSP2","Zambia","2065-2070","30--34",4,74,7,0.074,2065,2070
"SSP2","Zambia","2075-2080","30--34",4,70,7,0.07,2075,2080
"SSP2","Zambia","2015-2020","35--39",4,103,8,0.103,2015,2020
"SSP2","Zambia","2020-2025","35--39",4,101,8,0.101,2020,2025
"SSP2","Zambia","2025-2030","35--39",4,99,8,0.099,2025,2030
"SSP2","Zambia","2030-2035","35--39",4,83,8,0.083,2030,2035
"SSP2","Zambia","2035-2040","35--39",4,71,8,0.071,2035,2040
"SSP2","Zambia","2040-2045","35--39",4,63,8,0.063,2040,2045
"SSP2","Zambia","2045-2050","35--39",4,56,8,0.056,2045,2050
"SSP2","Zambia","2050-2055","35--39",4,50,8,0.05,2050,2055
"SSP2","Zambia","2055-2060","35--39",4,45,8,0.045,2055,2060
"SSP2","Zambia","2060-2065","35--39",4,41,8,0.041,2060,2065
"SSP2","Zambia","2065-2070","35--39",4,38,8,0.038,2065,2070
"SSP2","Zambia","2075-2080","35--39",4,34,8,0.034,2075,2080
"SSP2","Zambia","2015-2020","40--44",4,47,9,0.047,2015,2020
"SSP2","Zambia","2020-2025","40--44",4,46,9,0.046,2020,2025
"SSP2","Zambia","2025-2030","40--44",4,46,9,0.046,2025,2030
"SSP2","Zambia","2030-2035","40--44",4,35,9,0.035,2030,2035
"SSP2","Zambia","2035-2040","40--44",4,31,9,0.031,2035,2040
"SSP2","Zambia","2040-2045","40--44",4,27,9,0.027,2040,2045
"SSP2","Zambia","2045-2050","40--44",4,23,9,0.023,2045,2050
"SSP2","Zambia","2050-2055","40--44",4,20,9,0.02,2050,2055
"SSP2","Zambia","2055-2060","40--44",4,18,9,0.018,2055,2060
"SSP2","Zambia","2060-2065","40--44",4,16,9,0.016,2060,2065
"SSP2","Zambia","2065-2070","40--44",4,14,9,0.014,2065,2070
"SSP2","Zambia","2075-2080","40--44",4,11,9,0.011,2075,2080
"SSP2","Zambia","2015-2020","45--49",4,12,10,0.012,2015,2020
"SSP2","Zambia","2020-2025","45--49",4,12,10,0.012,2020,2025
"SSP2","Zambia","2025-2030","45--49",4,11,10,0.011,2025,2030
"SSP2","Zambia","2030-2035","45--49",4,7,10,0.007,2030,2035
"SSP2","Zambia","2035-2040","45--49",4,6,10,0.006,2035,2040
"SSP2","Zambia","2040-2045","45--49",4,5,10,0.005,2040,2045
"SSP2","Zambia","2045-2050","45--49",4,4,10,0.004,2045,2050
"SSP2","Zambia","2050-2055","45--49",4,3,10,0.003,2050,2055
"SSP2","Zambia","2055-2060","45--49",4,2,10,0.002,2055,2060
"SSP2","Zambia","2060-2065","45--49",4,2,10,0.002,2060,2065
"SSP2","Zambia","2065-2070","45--49",4,1,10,0.001,2065,2070
"SSP2","Zambia","2075-2080","45--49",4,0,10,0,2075,2080
"SSP2","Zambia","2015-2020","15--19",5,3,4,0.003,2015,2020
"SSP2","Zambia","2020-2025","15--19",5,0,4,0,2020,2025
"SSP2","Zambia","2025-2030","15--19",5,0,4,0,2025,2030
"SSP2","Zambia","2030-2035","15--19",5,0,4,0,2030,2035
"SSP2","Zambia","2035-2040","15--19",5,0,4,0,2035,2040
"SSP2","Zambia","2040-2045","15--19",5,0,4,0,2040,2045
"SSP2","Zambia","2045-2050","15--19",5,0,4,0,2045,2050
"SSP2","Zambia","2050-2055","15--19",5,0,4,0,2050,2055
"SSP2","Zambia","2055-2060","15--19",5,0,4,0,2055,2060
"SSP2","Zambia","2060-2065","15--19",5,0,4,0,2060,2065
"SSP2","Zambia","2065-2070","15--19",5,0,4,0,2065,2070
"SSP2","Zambia","2075-2080","15--19",5,0,4,0,2075,2080
"SSP2","Zambia","2015-2020","20--24",5,161,5,0.161,2015,2020
"SSP2","Zambia","2020-2025","20--24",5,163,5,0.163,2020,2025
"SSP2","Zambia","2025-2030","20--24",5,161,5,0.161,2025,2030
"SSP2","Zambia","2030-2035","20--24",5,160,5,0.16,2030,2035
"SSP2","Zambia","2035-2040","20--24",5,157,5,0.157,2035,2040
"SSP2","Zambia","2040-2045","20--24",5,150,5,0.15,2040,2045
"SSP2","Zambia","2045-2050","20--24",5,144,5,0.144,2045,2050
"SSP2","Zambia","2050-2055","20--24",5,137,5,0.137,2050,2055
"SSP2","Zambia","2055-2060","20--24",5,131,5,0.131,2055,2060
"SSP2","Zambia","2060-2065","20--24",5,125,5,0.125,2060,2065
"SSP2","Zambia","2065-2070","20--24",5,120,5,0.12,2065,2070
"SSP2","Zambia","2075-2080","20--24",5,111,5,0.111,2075,2080
"SSP2","Zambia","2015-2020","25--29",5,175,6,0.175,2015,2020
"SSP2","Zambia","2020-2025","25--29",5,174,6,0.174,2020,2025
"SSP2","Zambia","2025-2030","25--29",5,172,6,0.172,2025,2030
"SSP2","Zambia","2030-2035","25--29",5,171,6,0.171,2030,2035
"SSP2","Zambia","2035-2040","25--29",5,177,6,0.177,2035,2040
"SSP2","Zambia","2040-2045","25--29",5,185,6,0.185,2040,2045
"SSP2","Zambia","2045-2050","25--29",5,181,6,0.181,2045,2050
"SSP2","Zambia","2050-2055","25--29",5,174,6,0.174,2050,2055
"SSP2","Zambia","2055-2060","25--29",5,166,6,0.166,2055,2060
"SSP2","Zambia","2060-2065","25--29",5,159,6,0.159,2060,2065
"SSP2","Zambia","2065-2070","25--29",5,153,6,0.153,2065,2070
"SSP2","Zambia","2075-2080","25--29",5,145,6,0.145,2075,2080
"SSP2","Zambia","2015-2020","30--34",5,135,7,0.135,2015,2020
"SSP2","Zambia","2020-2025","30--34",5,134,7,0.134,2020,2025
"SSP2","Zambia","2025-2030","30--34",5,133,7,0.133,2025,2030
"SSP2","Zambia","2030-2035","30--34",5,132,7,0.132,2030,2035
"SSP2","Zambia","2035-2040","30--34",5,133,7,0.133,2035,2040
"SSP2","Zambia","2040-2045","30--34",5,120,7,0.12,2040,2045
"SSP2","Zambia","2045-2050","30--34",5,109,7,0.109,2045,2050
"SSP2","Zambia","2050-2055","30--34",5,102,7,0.102,2050,2055
"SSP2","Zambia","2055-2060","30--34",5,96,7,0.096,2055,2060
"SSP2","Zambia","2060-2065","30--34",5,91,7,0.091,2060,2065
"SSP2","Zambia","2065-2070","30--34",5,87,7,0.087,2065,2070
"SSP2","Zambia","2075-2080","30--34",5,84,7,0.084,2075,2080
"SSP2","Zambia","2015-2020","35--39",5,99,8,0.099,2015,2020
"SSP2","Zambia","2020-2025","35--39",5,98,8,0.098,2020,2025
"SSP2","Zambia","2025-2030","35--39",5,97,8,0.097,2025,2030
"SSP2","Zambia","2030-2035","35--39",5,97,8,0.097,2030,2035
"SSP2","Zambia","2035-2040","35--39",5,79,8,0.079,2035,2040
"SSP2","Zambia","2040-2045","35--39",5,66,8,0.066,2040,2045
"SSP2","Zambia","2045-2050","35--39",5,60,8,0.06,2045,2050
"SSP2","Zambia","2050-2055","35--39",5,54,8,0.054,2050,2055
"SSP2","Zambia","2055-2060","35--39",5,50,8,0.05,2055,2060
"SSP2","Zambia","2060-2065","35--39",5,46,8,0.046,2060,2065
"SSP2","Zambia","2065-2070","35--39",5,43,8,0.043,2065,2070
"SSP2","Zambia","2075-2080","35--39",5,40,8,0.04,2075,2080
"SSP2","Zambia","2015-2020","40--44",5,49,9,0.049,2015,2020
"SSP2","Zambia","2020-2025","40--44",5,49,9,0.049,2020,2025
"SSP2","Zambia","2025-2030","40--44",5,48,9,0.048,2025,2030
"SSP2","Zambia","2030-2035","40--44",5,40,9,0.04,2030,2035
"SSP2","Zambia","2035-2040","40--44",5,34,9,0.034,2035,2040
"SSP2","Zambia","2040-2045","40--44",5,30,9,0.03,2040,2045
"SSP2","Zambia","2045-2050","40--44",5,26,9,0.026,2045,2050
"SSP2","Zambia","2050-2055","40--44",5,23,9,0.023,2050,2055
"SSP2","Zambia","2055-2060","40--44",5,21,9,0.021,2055,2060
"SSP2","Zambia","2060-2065","40--44",5,18,9,0.018,2060,2065
"SSP2","Zambia","2065-2070","40--44",5,17,9,0.017,2065,2070
"SSP2","Zambia","2075-2080","40--44",5,14,9,0.014,2075,2080
"SSP2","Zambia","2015-2020","45--49",5,12,10,0.012,2015,2020
"SSP2","Zambia","2020-2025","45--49",5,12,10,0.012,2020,2025
"SSP2","Zambia","2025-2030","45--49",5,12,10,0.012,2025,2030
"SSP2","Zambia","2030-2035","45--49",5,8,10,0.008,2030,2035
"SSP2","Zambia","2035-2040","45--49",5,7,10,0.007,2035,2040
"SSP2","Zambia","2040-2045","45--49",5,6,10,0.006,2040,2045
"SSP2","Zambia","2045-2050","45--49",5,5,10,0.005,2045,2050
"SSP2","Zambia","2050-2055","45--49",5,4,10,0.004,2050,2055
"SSP2","Zambia","2055-2060","45--49",5,3,10,0.003,2055,2060
"SSP2","Zambia","2060-2065","45--49",5,3,10,0.003,2060,2065
"SSP2","Zambia","2065-2070","45--49",5,2,10,0.002,2065,2070
"SSP2","Zambia","2075-2080","45--49",5,0,10,0,2075,2080
"SSP2","Zambia","2015-2020","15--19",6,0,4,0,2015,2020
"SSP2","Zambia","2020-2025","15--19",6,0,4,0,2020,2025
"SSP2","Zambia","2025-2030","15--19",6,0,4,0,2025,2030
"SSP2","Zambia","2030-2035","15--19",6,0,4,0,2030,2035
"SSP2","Zambia","2035-2040","15--19",6,0,4,0,2035,2040
"SSP2","Zambia","2040-2045","15--19",6,0,4,0,2040,2045
"SSP2","Zambia","2045-2050","15--19",6,0,4,0,2045,2050
"SSP2","Zambia","2050-2055","15--19",6,0,4,0,2050,2055
"SSP2","Zambia","2055-2060","15--19",6,0,4,0,2055,2060
"SSP2","Zambia","2060-2065","15--19",6,0,4,0,2060,2065
"SSP2","Zambia","2065-2070","15--19",6,0,4,0,2065,2070
"SSP2","Zambia","2075-2080","15--19",6,0,4,0,2075,2080
"SSP2","Zambia","2015-2020","20--24",6,69,5,0.069,2015,2020
"SSP2","Zambia","2020-2025","20--24",6,64,5,0.064,2020,2025
"SSP2","Zambia","2025-2030","20--24",6,60,5,0.06,2025,2030
"SSP2","Zambia","2030-2035","20--24",6,56,5,0.056,2030,2035
"SSP2","Zambia","2035-2040","20--24",6,53,5,0.053,2035,2040
"SSP2","Zambia","2040-2045","20--24",6,50,5,0.05,2040,2045
"SSP2","Zambia","2045-2050","20--24",6,47,5,0.047,2045,2050
"SSP2","Zambia","2050-2055","20--24",6,44,5,0.044,2050,2055
"SSP2","Zambia","2055-2060","20--24",6,41,5,0.041,2055,2060
"SSP2","Zambia","2060-2065","20--24",6,39,5,0.039,2060,2065
"SSP2","Zambia","2065-2070","20--24",6,37,5,0.037,2065,2070
"SSP2","Zambia","2075-2080","20--24",6,34,5,0.034,2075,2080
"SSP2","Zambia","2015-2020","25--29",6,155,6,0.155,2015,2020
"SSP2","Zambia","2020-2025","25--29",6,159,6,0.159,2020,2025
"SSP2","Zambia","2025-2030","25--29",6,155,6,0.155,2025,2030
"SSP2","Zambia","2030-2035","25--29",6,156,6,0.156,2030,2035
"SSP2","Zambia","2035-2040","25--29",6,160,6,0.16,2035,2040
"SSP2","Zambia","2040-2045","25--29",6,158,6,0.158,2040,2045
"SSP2","Zambia","2045-2050","25--29",6,154,6,0.154,2045,2050
"SSP2","Zambia","2050-2055","25--29",6,148,6,0.148,2050,2055
"SSP2","Zambia","2055-2060","25--29",6,142,6,0.142,2055,2060
"SSP2","Zambia","2060-2065","25--29",6,137,6,0.137,2060,2065
"SSP2","Zambia","2065-2070","25--29",6,132,6,0.132,2065,2070
"SSP2","Zambia","2075-2080","25--29",6,124,6,0.124,2075,2080
"SSP2","Zambia","2015-2020","30--34",6,144,7,0.144,2015,2020
"SSP2","Zambia","2020-2025","30--34",6,144,7,0.144,2020,2025
"SSP2","Zambia","2025-2030","30--34",6,140,7,0.14,2025,2030
"SSP2","Zambia","2030-2035","30--34",6,137,7,0.137,2030,2035
"SSP2","Zambia","2035-2040","30--34",6,138,7,0.138,2035,2040
"SSP2","Zambia","2040-2045","30--34",6,138,7,0.138,2040,2045
"SSP2","Zambia","2045-2050","30--34",6,132,7,0.132,2045,2050
"SSP2","Zambia","2050-2055","30--34",6,126,7,0.126,2050,2055
"SSP2","Zambia","2055-2060","30--34",6,121,7,0.121,2055,2060
"SSP2","Zambia","2060-2065","30--34",6,116,7,0.116,2060,2065
"SSP2","Zambia","2065-2070","30--34",6,112,7,0.112,2065,2070
"SSP2","Zambia","2075-2080","30--34",6,108,7,0.108,2075,2080
"SSP2","Zambia","2015-2020","35--39",6,112,8,0.112,2015,2020
"SSP2","Zambia","2020-2025","35--39",6,102,8,0.102,2020,2025
"SSP2","Zambia","2025-2030","35--39",6,99,8,0.099,2025,2030
"SSP2","Zambia","2030-2035","35--39",6,98,8,0.098,2030,2035
"SSP2","Zambia","2035-2040","35--39",6,87,8,0.087,2035,2040
"SSP2","Zambia","2040-2045","35--39",6,75,8,0.075,2040,2045
"SSP2","Zambia","2045-2050","35--39",6,69,8,0.069,2045,2050
"SSP2","Zambia","2050-2055","35--39",6,64,8,0.064,2050,2055
"SSP2","Zambia","2055-2060","35--39",6,60,8,0.06,2055,2060
"SSP2","Zambia","2060-2065","35--39",6,56,8,0.056,2060,2065
"SSP2","Zambia","2065-2070","35--39",6,53,8,0.053,2065,2070
"SSP2","Zambia","2075-2080","35--39",6,51,8,0.051,2075,2080
"SSP2","Zambia","2015-2020","40--44",6,63,9,0.063,2015,2020
"SSP2","Zambia","2020-2025","40--44",6,57,9,0.057,2020,2025
"SSP2","Zambia","2025-2030","40--44",6,55,9,0.055,2025,2030
"SSP2","Zambia","2030-2035","40--44",6,50,9,0.05,2030,2035
"SSP2","Zambia","2035-2040","40--44",6,42,9,0.042,2035,2040
"SSP2","Zambia","2040-2045","40--44",6,37,9,0.037,2040,2045
"SSP2","Zambia","2045-2050","40--44",6,33,9,0.033,2045,2050
"SSP2","Zambia","2050-2055","40--44",6,29,9,0.029,2050,2055
"SSP2","Zambia","2055-2060","40--44",6,26,9,0.026,2055,2060
"SSP2","Zambia","2060-2065","40--44",6,24,9,0.024,2060,2065
"SSP2","Zambia","2065-2070","40--44",6,21,9,0.021,2065,2070
"SSP2","Zambia","2075-2080","40--44",6,18,9,0.018,2075,2080
"SSP2","Zambia","2015-2020","45--49",6,16,10,0.016,2015,2020
"SSP2","Zambia","2020-2025","45--49",6,13,10,0.013,2020,2025
"SSP2","Zambia","2025-2030","45--49",6,13,10,0.013,2025,2030
"SSP2","Zambia","2030-2035","45--49",6,10,10,0.01,2030,2035
"SSP2","Zambia","2035-2040","45--49",6,9,10,0.009,2035,2040
"SSP2","Zambia","2040-2045","45--49",6,7,10,0.007,2040,2045
"SSP2","Zambia","2045-2050","45--49",6,6,10,0.006,2045,2050
"SSP2","Zambia","2050-2055","45--49",6,6,10,0.006,2050,2055
"SSP2","Zambia","2055-2060","45--49",6,5,10,0.005,2055,2060
"SSP2","Zambia","2060-2065","45--49",6,4,10,0.004,2060,2065
"SSP2","Zambia","2065-2070","45--49",6,4,10,0.004,2065,2070
"SSP2","Zambia","2075-2080","45--49",6,1,10,0.001,2075,2080
"SSP1","Zambia","2015-2020","15--19",1,134,4,0.134,2015,2020
"SSP1","Zambia","2020-2025","15--19",1,113,4,0.113,2020,2025
"SSP1","Zambia","2025-2030","15--19",1,95,4,0.095,2025,2030
"SSP1","Zambia","2030-2035","15--19",1,78,4,0.078,2030,2035
"SSP1","Zambia","2035-2040","15--19",1,64,4,0.064,2035,2040
"SSP1","Zambia","2040-2045","15--19",1,53,4,0.053,2040,2045
"SSP1","Zambia","2045-2050","15--19",1,44,4,0.044,2045,2050
"SSP1","Zambia","2050-2055","15--19",1,37,4,0.037,2050,2055
"SSP1","Zambia","2055-2060","15--19",1,32,4,0.032,2055,2060
"SSP1","Zambia","2060-2065","15--19",1,27,4,0.027,2060,2065
"SSP1","Zambia","2065-2070","15--19",1,25,4,0.025,2065,2070
"SSP1","Zambia","2075-2080","15--19",1,20,4,0.02,2075,2080
"SSP1","Zambia","2015-2020","20--24",1,373,5,0.373,2015,2020
"SSP1","Zambia","2020-2025","20--24",1,344,5,0.344,2020,2025
"SSP1","Zambia","2025-2030","20--24",1,321,5,0.321,2025,2030
"SSP1","Zambia","2030-2035","20--24",1,295,5,0.295,2030,2035
"SSP1","Zambia","2035-2040","20--24",1,268,5,0.268,2035,2040
"SSP1","Zambia","2040-2045","20--24",1,242,5,0.242,2040,2045
"SSP1","Zambia","2045-2050","20--24",1,218,5,0.218,2045,2050
"SSP1","Zambia","2050-2055","20--24",1,198,5,0.198,2050,2055
"SSP1","Zambia","2055-2060","20--24",1,181,5,0.181,2055,2060
"SSP1","Zambia","2060-2065","20--24",1,167,5,0.167,2060,2065
"SSP1","Zambia","2065-2070","20--24",1,157,5,0.157,2065,2070
"SSP1","Zambia","2075-2080","20--24",1,141,5,0.141,2075,2080
"SSP1","Zambia","2015-2020","25--29",1,341,6,0.341,2015,2020
"SSP1","Zambia","2020-2025","25--29",1,308,6,0.308,2020,2025
"SSP1","Zambia","2025-2030","25--29",1,285,6,0.285,2025,2030
"SSP1","Zambia","2030-2035","25--29",1,257,6,0.257,2030,2035
"SSP1","Zambia","2035-2040","25--29",1,230,6,0.23,2035,2040
"SSP1","Zambia","2040-2045","25--29",1,204,6,0.204,2040,2045
"SSP1","Zambia","2045-2050","25--29",1,180,6,0.18,2045,2050
"SSP1","Zambia","2050-2055","25--29",1,159,6,0.159,2050,2055
"SSP1","Zambia","2055-2060","25--29",1,143,6,0.143,2055,2060
"SSP1","Zambia","2060-2065","25--29",1,131,6,0.131,2060,2065
"SSP1","Zambia","2065-2070","25--29",1,122,6,0.122,2065,2070
"SSP1","Zambia","2075-2080","25--29",1,109,6,0.109,2075,2080
"SSP1","Zambia","2015-2020","30--34",1,239,7,0.239,2015,2020
"SSP1","Zambia","2020-2025","30--34",1,214,7,0.214,2020,2025
"SSP1","Zambia","2025-2030","30--34",1,173,7,0.173,2025,2030
"SSP1","Zambia","2030-2035","30--34",1,148,7,0.148,2030,2035
"SSP1","Zambia","2035-2040","30--34",1,126,7,0.126,2035,2040
"SSP1","Zambia","2040-2045","30--34",1,107,7,0.107,2040,2045
"SSP1","Zambia","2045-2050","30--34",1,91,7,0.091,2045,2050
"SSP1","Zambia","2050-2055","30--34",1,78,7,0.078,2050,2055
"SSP1","Zambia","2055-2060","30--34",1,68,7,0.068,2055,2060
"SSP1","Zambia","2060-2065","30--34",1,62,7,0.062,2060,2065
"SSP1","Zambia","2065-2070","30--34",1,57,7,0.057,2065,2070
"SSP1","Zambia","2075-2080","30--34",1,51,7,0.051,2075,2080
"SSP1","Zambia","2015-2020","35--39",1,156,8,0.156,2015,2020
"SSP1","Zambia","2020-2025","35--39",1,127,8,0.127,2020,2025
"SSP1","Zambia","2025-2030","35--39",1,105,8,0.105,2025,2030
"SSP1","Zambia","2030-2035","35--39",1,88,8,0.088,2030,2035
"SSP1","Zambia","2035-2040","35--39",1,73,8,0.073,2035,2040
"SSP1","Zambia","2040-2045","35--39",1,61,8,0.061,2040,2045
"SSP1","Zambia","2045-2050","35--39",1,51,8,0.051,2045,2050
"SSP1","Zambia","2050-2055","35--39",1,43,8,0.043,2050,2055
"SSP1","Zambia","2055-2060","35--39",1,37,8,0.037,2055,2060
"SSP1","Zambia","2060-2065","35--39",1,32,8,0.032,2060,2065
"SSP1","Zambia","2065-2070","35--39",1,29,8,0.029,2065,2070
"SSP1","Zambia","2075-2080","35--39",1,25,8,0.025,2075,2080
"SSP1","Zambia","2015-2020","40--44",1,70,9,0.07,2015,2020
"SSP1","Zambia","2020-2025","40--44",1,56,9,0.056,2020,2025
"SSP1","Zambia","2025-2030","40--44",1,46,9,0.046,2025,2030
"SSP1","Zambia","2030-2035","40--44",1,38,9,0.038,2030,2035
"SSP1","Zambia","2035-2040","40--44",1,31,9,0.031,2035,2040
"SSP1","Zambia","2040-2045","40--44",1,25,9,0.025,2040,2045
"SSP1","Zambia","2045-2050","40--44",1,21,9,0.021,2045,2050
"SSP1","Zambia","2050-2055","40--44",1,17,9,0.017,2050,2055
"SSP1","Zambia","2055-2060","40--44",1,14,9,0.014,2055,2060
"SSP1","Zambia","2060-2065","40--44",1,12,9,0.012,2060,2065
"SSP1","Zambia","2065-2070","40--44",1,10,9,0.01,2065,2070
"SSP1","Zambia","2075-2080","40--44",1,8,9,0.008,2075,2080
"SSP1","Zambia","2015-2020","45--49",1,18,10,0.018,2015,2020
"SSP1","Zambia","2020-2025","45--49",1,13,10,0.013,2020,2025
"SSP1","Zambia","2025-2030","45--49",1,10,10,0.01,2025,2030
"SSP1","Zambia","2030-2035","45--49",1,8,10,0.008,2030,2035
"SSP1","Zambia","2035-2040","45--49",1,6,10,0.006,2035,2040
"SSP1","Zambia","2040-2045","45--49",1,4,10,0.004,2040,2045
"SSP1","Zambia","2045-2050","45--49",1,3,10,0.003,2045,2050
"SSP1","Zambia","2050-2055","45--49",1,2,10,0.002,2050,2055
"SSP1","Zambia","2055-2060","45--49",1,1,10,0.001,2055,2060
"SSP1","Zambia","2060-2065","45--49",1,1,10,0.001,2060,2065
"SSP1","Zambia","2065-2070","45--49",1,1,10,0.001,2065,2070
"SSP1","Zambia","2075-2080","45--49",1,7,10,0.007,2075,2080
"SSP1","Zambia","2015-2020","15--19",2,124,4,0.124,2015,2020
"SSP1","Zambia","2020-2025","15--19",2,106,4,0.106,2020,2025
"SSP1","Zambia","2025-2030","15--19",2,89,4,0.089,2025,2030
"SSP1","Zambia","2030-2035","15--19",2,74,4,0.074,2030,2035
"SSP1","Zambia","2035-2040","15--19",2,61,4,0.061,2035,2040
"SSP1","Zambia","2040-2045","15--19",2,51,4,0.051,2040,2045
"SSP1","Zambia","2045-2050","15--19",2,42,4,0.042,2045,2050
"SSP1","Zambia","2050-2055","15--19",2,36,4,0.036,2050,2055
"SSP1","Zambia","2055-2060","15--19",2,31,4,0.031,2055,2060
"SSP1","Zambia","2060-2065","15--19",2,27,4,0.027,2060,2065
"SSP1","Zambia","2065-2070","15--19",2,24,4,0.024,2065,2070
"SSP1","Zambia","2075-2080","15--19",2,20,4,0.02,2075,2080
"SSP1","Zambia","2015-2020","20--24",2,347,5,0.347,2015,2020
"SSP1","Zambia","2020-2025","20--24",2,319,5,0.319,2020,2025
"SSP1","Zambia","2025-2030","20--24",2,301,5,0.301,2025,2030
"SSP1","Zambia","2030-2035","20--24",2,278,5,0.278,2030,2035
"SSP1","Zambia","2035-2040","20--24",2,255,5,0.255,2035,2040
"SSP1","Zambia","2040-2045","20--24",2,232,5,0.232,2040,2045
"SSP1","Zambia","2045-2050","20--24",2,211,5,0.211,2045,2050
"SSP1","Zambia","2050-2055","20--24",2,192,5,0.192,2050,2055
"SSP1","Zambia","2055-2060","20--24",2,177,5,0.177,2055,2060
"SSP1","Zambia","2060-2065","20--24",2,165,5,0.165,2060,2065
"SSP1","Zambia","2065-2070","20--24",2,155,5,0.155,2065,2070
"SSP1","Zambia","2075-2080","20--24",2,140,5,0.14,2075,2080
"SSP1","Zambia","2015-2020","25--29",2,317,6,0.317,2015,2020
"SSP1","Zambia","2020-2025","25--29",2,286,6,0.286,2020,2025
"SSP1","Zambia","2025-2030","25--29",2,268,6,0.268,2025,2030
"SSP1","Zambia","2030-2035","25--29",2,243,6,0.243,2030,2035
"SSP1","Zambia","2035-2040","25--29",2,219,6,0.219,2035,2040
"SSP1","Zambia","2040-2045","25--29",2,195,6,0.195,2040,2045
"SSP1","Zambia","2045-2050","25--29",2,173,6,0.173,2045,2050
"SSP1","Zambia","2050-2055","25--29",2,155,6,0.155,2050,2055
"SSP1","Zambia","2055-2060","25--29",2,140,6,0.14,2055,2060
"SSP1","Zambia","2060-2065","25--29",2,129,6,0.129,2060,2065
"SSP1","Zambia","2065-2070","25--29",2,120,6,0.12,2065,2070
"SSP1","Zambia","2075-2080","25--29",2,109,6,0.109,2075,2080
"SSP1","Zambia","2015-2020","30--34",2,222,7,0.222,2015,2020
"SSP1","Zambia","2020-2025","30--34",2,200,7,0.2,2020,2025
"SSP1","Zambia","2025-2030","30--34",2,163,7,0.163,2025,2030
"SSP1","Zambia","2030-2035","30--34",2,140,7,0.14,2030,2035
"SSP1","Zambia","2035-2040","30--34",2,120,7,0.12,2035,2040
"SSP1","Zambia","2040-2045","30--34",2,103,7,0.103,2040,2045
"SSP1","Zambia","2045-2050","30--34",2,88,7,0.088,2045,2050
"SSP1","Zambia","2050-2055","30--34",2,76,7,0.076,2050,2055
"SSP1","Zambia","2055-2060","30--34",2,67,7,0.067,2055,2060
"SSP1","Zambia","2060-2065","30--34",2,61,7,0.061,2060,2065
"SSP1","Zambia","2065-2070","30--34",2,56,7,0.056,2065,2070
"SSP1","Zambia","2075-2080","30--34",2,50,7,0.05,2075,2080
"SSP1","Zambia","2015-2020","35--39",2,144,8,0.144,2015,2020
"SSP1","Zambia","2020-2025","35--39",2,122,8,0.122,2020,2025
"SSP1","Zambia","2025-2030","35--39",2,99,8,0.099,2025,2030
"SSP1","Zambia","2030-2035","35--39",2,83,8,0.083,2030,2035
"SSP1","Zambia","2035-2040","35--39",2,70,8,0.07,2035,2040
"SSP1","Zambia","2040-2045","35--39",2,58,8,0.058,2040,2045
"SSP1","Zambia","2045-2050","35--39",2,49,8,0.049,2045,2050
"SSP1","Zambia","2050-2055","35--39",2,42,8,0.042,2050,2055
"SSP1","Zambia","2055-2060","35--39",2,36,8,0.036,2055,2060
"SSP1","Zambia","2060-2065","35--39",2,32,8,0.032,2060,2065
"SSP1","Zambia","2065-2070","35--39",2,29,8,0.029,2065,2070
"SSP1","Zambia","2075-2080","35--39",2,24,8,0.024,2075,2080
"SSP1","Zambia","2015-2020","40--44",2,65,9,0.065,2015,2020
"SSP1","Zambia","2020-2025","40--44",2,52,9,0.052,2020,2025
"SSP1","Zambia","2025-2030","40--44",2,43,9,0.043,2025,2030
"SSP1","Zambia","2030-2035","40--44",2,36,9,0.036,2030,2035
"SSP1","Zambia","2035-2040","40--44",2,29,9,0.029,2035,2040
"SSP1","Zambia","2040-2045","40--44",2,24,9,0.024,2040,2045
"SSP1","Zambia","2045-2050","40--44",2,20,9,0.02,2045,2050
"SSP1","Zambia","2050-2055","40--44",2,16,9,0.016,2050,2055
"SSP1","Zambia","2055-2060","40--44",2,14,9,0.014,2055,2060
"SSP1","Zambia","2060-2065","40--44",2,12,9,0.012,2060,2065
"SSP1","Zambia","2065-2070","40--44",2,10,9,0.01,2065,2070
"SSP1","Zambia","2075-2080","40--44",2,8,9,0.008,2075,2080
"SSP1","Zambia","2015-2020","45--49",2,17,10,0.017,2015,2020
"SSP1","Zambia","2020-2025","45--49",2,12,10,0.012,2020,2025
"SSP1","Zambia","2025-2030","45--49",2,9,10,0.009,2025,2030
"SSP1","Zambia","2030-2035","45--49",2,7,10,0.007,2030,2035
"SSP1","Zambia","2035-2040","45--49",2,5,10,0.005,2035,2040
"SSP1","Zambia","2040-2045","45--49",2,4,10,0.004,2040,2045
"SSP1","Zambia","2045-2050","45--49",2,3,10,0.003,2045,2050
"SSP1","Zambia","2050-2055","45--49",2,2,10,0.002,2050,2055
"SSP1","Zambia","2055-2060","45--49",2,1,10,0.001,2055,2060
"SSP1","Zambia","2060-2065","45--49",2,1,10,0.001,2060,2065
"SSP1","Zambia","2065-2070","45--49",2,1,10,0.001,2065,2070
"SSP1","Zambia","2075-2080","45--49",2,7,10,0.007,2075,2080
"SSP1","Zambia","2015-2020","15--19",3,101,4,0.101,2015,2020
"SSP1","Zambia","2020-2025","15--19",3,88,4,0.088,2020,2025
"SSP1","Zambia","2025-2030","15--19",3,75,4,0.075,2025,2030
"SSP1","Zambia","2030-2035","15--19",3,63,4,0.063,2030,2035
"SSP1","Zambia","2035-2040","15--19",3,53,4,0.053,2035,2040
"SSP1","Zambia","2040-2045","15--19",3,46,4,0.046,2040,2045
"SSP1","Zambia","2045-2050","15--19",3,39,4,0.039,2045,2050
"SSP1","Zambia","2050-2055","15--19",3,33,4,0.033,2050,2055
"SSP1","Zambia","2055-2060","15--19",3,29,4,0.029,2055,2060
"SSP1","Zambia","2060-2065","15--19",3,26,4,0.026,2060,2065
"SSP1","Zambia","2065-2070","15--19",3,23,4,0.023,2065,2070
"SSP1","Zambia","2075-2080","15--19",3,20,4,0.02,2075,2080
"SSP1","Zambia","2015-2020","20--24",3,283,5,0.283,2015,2020
"SSP1","Zambia","2020-2025","20--24",3,259,5,0.259,2020,2025
"SSP1","Zambia","2025-2030","20--24",3,250,5,0.25,2025,2030
"SSP1","Zambia","2030-2035","20--24",3,239,5,0.239,2030,2035
"SSP1","Zambia","2035-2040","20--24",3,224,5,0.224,2035,2040
"SSP1","Zambia","2040-2045","20--24",3,208,5,0.208,2040,2045
"SSP1","Zambia","2045-2050","20--24",3,193,5,0.193,2045,2050
"SSP1","Zambia","2050-2055","20--24",3,179,5,0.179,2050,2055
"SSP1","Zambia","2055-2060","20--24",3,167,5,0.167,2055,2060
"SSP1","Zambia","2060-2065","20--24",3,158,5,0.158,2060,2065
"SSP1","Zambia","2065-2070","20--24",3,151,5,0.151,2065,2070
"SSP1","Zambia","2075-2080","20--24",3,138,5,0.138,2075,2080
"SSP1","Zambia","2015-2020","25--29",3,259,6,0.259,2015,2020
"SSP1","Zambia","2020-2025","25--29",3,234,6,0.234,2020,2025
"SSP1","Zambia","2025-2030","25--29",3,220,6,0.22,2025,2030
"SSP1","Zambia","2030-2035","25--29",3,209,6,0.209,2030,2035
"SSP1","Zambia","2035-2040","25--29",3,192,6,0.192,2035,2040
"SSP1","Zambia","2040-2045","25--29",3,175,6,0.175,2040,2045
"SSP1","Zambia","2045-2050","25--29",3,158,6,0.158,2045,2050
"SSP1","Zambia","2050-2055","25--29",3,144,6,0.144,2050,2055
"SSP1","Zambia","2055-2060","25--29",3,133,6,0.133,2055,2060
"SSP1","Zambia","2060-2065","25--29",3,124,6,0.124,2060,2065
"SSP1","Zambia","2065-2070","25--29",3,117,6,0.117,2065,2070
"SSP1","Zambia","2075-2080","25--29",3,107,6,0.107,2075,2080
"SSP1","Zambia","2015-2020","30--34",3,181,7,0.181,2015,2020
"SSP1","Zambia","2020-2025","30--34",3,163,7,0.163,2020,2025
"SSP1","Zambia","2025-2030","30--34",3,147,7,0.147,2025,2030
"SSP1","Zambia","2030-2035","30--34",3,120,7,0.12,2030,2035
"SSP1","Zambia","2035-2040","30--34",3,105,7,0.105,2035,2040
"SSP1","Zambia","2040-2045","30--34",3,92,7,0.092,2040,2045
"SSP1","Zambia","2045-2050","30--34",3,80,7,0.08,2045,2050
"SSP1","Zambia","2050-2055","30--34",3,71,7,0.071,2050,2055
"SSP1","Zambia","2055-2060","30--34",3,63,7,0.063,2055,2060
"SSP1","Zambia","2060-2065","30--34",3,58,7,0.058,2060,2065
"SSP1","Zambia","2065-2070","30--34",3,54,7,0.054,2065,2070
"SSP1","Zambia","2075-2080","30--34",3,50,7,0.05,2075,2080
"SSP1","Zambia","2015-2020","35--39",3,118,8,0.118,2015,2020
"SSP1","Zambia","2020-2025","35--39",3,106,8,0.106,2020,2025
"SSP1","Zambia","2025-2030","35--39",3,83,8,0.083,2025,2030
"SSP1","Zambia","2030-2035","35--39",3,71,8,0.071,2030,2035
"SSP1","Zambia","2035-2040","35--39",3,61,8,0.061,2035,2040
"SSP1","Zambia","2040-2045","35--39",3,52,8,0.052,2040,2045
"SSP1","Zambia","2045-2050","35--39",3,45,8,0.045,2045,2050
"SSP1","Zambia","2050-2055","35--39",3,39,8,0.039,2050,2055
"SSP1","Zambia","2055-2060","35--39",3,34,8,0.034,2055,2060
"SSP1","Zambia","2060-2065","35--39",3,31,8,0.031,2060,2065
"SSP1","Zambia","2065-2070","35--39",3,28,8,0.028,2065,2070
"SSP1","Zambia","2075-2080","35--39",3,24,8,0.024,2075,2080
"SSP1","Zambia","2015-2020","40--44",3,53,9,0.053,2015,2020
"SSP1","Zambia","2020-2025","40--44",3,48,9,0.048,2020,2025
"SSP1","Zambia","2025-2030","40--44",3,36,9,0.036,2025,2030
"SSP1","Zambia","2030-2035","40--44",3,31,9,0.031,2030,2035
"SSP1","Zambia","2035-2040","40--44",3,26,9,0.026,2035,2040
"SSP1","Zambia","2040-2045","40--44",3,22,9,0.022,2040,2045
"SSP1","Zambia","2045-2050","40--44",3,18,9,0.018,2045,2050
"SSP1","Zambia","2050-2055","40--44",3,15,9,0.015,2050,2055
"SSP1","Zambia","2055-2060","40--44",3,13,9,0.013,2055,2060
"SSP1","Zambia","2060-2065","40--44",3,11,9,0.011,2060,2065
"SSP1","Zambia","2065-2070","40--44",3,10,9,0.01,2065,2070
"SSP1","Zambia","2075-2080","40--44",3,8,9,0.008,2075,2080
"SSP1","Zambia","2015-2020","45--49",3,14,10,0.014,2015,2020
"SSP1","Zambia","2020-2025","45--49",3,11,10,0.011,2020,2025
"SSP1","Zambia","2025-2030","45--49",3,8,10,0.008,2025,2030
"SSP1","Zambia","2030-2035","45--49",3,6,10,0.006,2030,2035
"SSP1","Zambia","2035-2040","45--49",3,5,10,0.005,2035,2040
"SSP1","Zambia","2040-2045","45--49",3,4,10,0.004,2040,2045
"SSP1","Zambia","2045-2050","45--49",3,3,10,0.003,2045,2050
"SSP1","Zambia","2050-2055","45--49",3,2,10,0.002,2050,2055
"SSP1","Zambia","2055-2060","45--49",3,1,10,0.001,2055,2060
"SSP1","Zambia","2060-2065","45--49",3,1,10,0.001,2060,2065
"SSP1","Zambia","2065-2070","45--49",3,1,10,0.001,2065,2070
"SSP1","Zambia","2075-2080","45--49",3,7,10,0.007,2075,2080
"SSP1","Zambia","2015-2020","15--19",4,58,4,0.058,2015,2020
"SSP1","Zambia","2020-2025","15--19",4,52,4,0.052,2020,2025
"SSP1","Zambia","2025-2030","15--19",4,44,4,0.044,2025,2030
"SSP1","Zambia","2030-2035","15--19",4,37,4,0.037,2030,2035
"SSP1","Zambia","2035-2040","15--19",4,32,4,0.032,2035,2040
"SSP1","Zambia","2040-2045","15--19",4,28,4,0.028,2040,2045
"SSP1","Zambia","2045-2050","15--19",4,24,4,0.024,2045,2050
"SSP1","Zambia","2050-2055","15--19",4,21,4,0.021,2050,2055
"SSP1","Zambia","2055-2060","15--19",4,19,4,0.019,2055,2060
"SSP1","Zambia","2060-2065","15--19",4,17,4,0.017,2060,2065
"SSP1","Zambia","2065-2070","15--19",4,15,4,0.015,2065,2070
"SSP1","Zambia","2075-2080","15--19",4,13,4,0.013,2075,2080
"SSP1","Zambia","2015-2020","20--24",4,208,5,0.208,2015,2020
"SSP1","Zambia","2020-2025","20--24",4,194,5,0.194,2020,2025
"SSP1","Zambia","2025-2030","20--24",4,183,5,0.183,2025,2030
"SSP1","Zambia","2030-2035","20--24",4,182,5,0.182,2030,2035
"SSP1","Zambia","2035-2040","20--24",4,179,5,0.179,2035,2040
"SSP1","Zambia","2040-2045","20--24",4,171,5,0.171,2040,2045
"SSP1","Zambia","2045-2050","20--24",4,162,5,0.162,2045,2050
"SSP1","Zambia","2050-2055","20--24",4,154,5,0.154,2050,2055
"SSP1","Zambia","2055-2060","20--24",4,147,5,0.147,2055,2060
"SSP1","Zambia","2060-2065","20--24",4,140,5,0.14,2060,2065
"SSP1","Zambia","2065-2070","20--24",4,135,5,0.135,2065,2070
"SSP1","Zambia","2075-2080","20--24",4,127,5,0.127,2075,2080
"SSP1","Zambia","2015-2020","25--29",4,200,6,0.2,2015,2020
"SSP1","Zambia","2020-2025","25--29",4,185,6,0.185,2020,2025
"SSP1","Zambia","2025-2030","25--29",4,171,6,0.171,2025,2030
"SSP1","Zambia","2030-2035","25--29",4,165,6,0.165,2030,2035
"SSP1","Zambia","2035-2040","25--29",4,168,6,0.168,2035,2040
"SSP1","Zambia","2040-2045","25--29",4,158,6,0.158,2040,2045
"SSP1","Zambia","2045-2050","25--29",4,148,6,0.148,2045,2050
"SSP1","Zambia","2050-2055","25--29",4,138,6,0.138,2050,2055
"SSP1","Zambia","2055-2060","25--29",4,130,6,0.13,2055,2060
"SSP1","Zambia","2060-2065","25--29",4,123,6,0.123,2060,2065
"SSP1","Zambia","2065-2070","25--29",4,118,6,0.118,2065,2070
"SSP1","Zambia","2075-2080","25--29",4,111,6,0.111,2075,2080
"SSP1","Zambia","2015-2020","30--34",4,142,7,0.142,2015,2020
"SSP1","Zambia","2020-2025","30--34",4,131,7,0.131,2020,2025
"SSP1","Zambia","2025-2030","30--34",4,121,7,0.121,2025,2030
"SSP1","Zambia","2030-2035","30--34",4,117,7,0.117,2030,2035
"SSP1","Zambia","2035-2040","30--34",4,94,7,0.094,2035,2040
"SSP1","Zambia","2040-2045","30--34",4,84,7,0.084,2040,2045
"SSP1","Zambia","2045-2050","30--34",4,76,7,0.076,2045,2050
"SSP1","Zambia","2050-2055","30--34",4,69,7,0.069,2050,2055
"SSP1","Zambia","2055-2060","30--34",4,63,7,0.063,2055,2060
"SSP1","Zambia","2060-2065","30--34",4,59,7,0.059,2060,2065
"SSP1","Zambia","2065-2070","30--34",4,56,7,0.056,2065,2070
"SSP1","Zambia","2075-2080","30--34",4,53,7,0.053,2075,2080
"SSP1","Zambia","2015-2020","35--39",4,95,8,0.095,2015,2020
"SSP1","Zambia","2020-2025","35--39",4,88,8,0.088,2020,2025
"SSP1","Zambia","2025-2030","35--39",4,81,8,0.081,2025,2030
"SSP1","Zambia","2030-2035","35--39",4,65,8,0.065,2030,2035
"SSP1","Zambia","2035-2040","35--39",4,55,8,0.055,2035,2040
"SSP1","Zambia","2040-2045","35--39",4,48,8,0.048,2040,2045
"SSP1","Zambia","2045-2050","35--39",4,42,8,0.042,2045,2050
"SSP1","Zambia","2050-2055","35--39",4,38,8,0.038,2050,2055
"SSP1","Zambia","2055-2060","35--39",4,34,8,0.034,2055,2060
"SSP1","Zambia","2060-2065","35--39",4,31,8,0.031,2060,2065
"SSP1","Zambia","2065-2070","35--39",4,29,8,0.029,2065,2070
"SSP1","Zambia","2075-2080","35--39",4,25,8,0.025,2075,2080
"SSP1","Zambia","2015-2020","40--44",4,44,9,0.044,2015,2020
"SSP1","Zambia","2020-2025","40--44",4,40,9,0.04,2020,2025
"SSP1","Zambia","2025-2030","40--44",4,37,9,0.037,2025,2030
"SSP1","Zambia","2030-2035","40--44",4,27,9,0.027,2030,2035
"SSP1","Zambia","2035-2040","40--44",4,24,9,0.024,2035,2040
"SSP1","Zambia","2040-2045","40--44",4,20,9,0.02,2040,2045
"SSP1","Zambia","2045-2050","40--44",4,18,9,0.018,2045,2050
"SSP1","Zambia","2050-2055","40--44",4,15,9,0.015,2050,2055
"SSP1","Zambia","2055-2060","40--44",4,13,9,0.013,2055,2060
"SSP1","Zambia","2060-2065","40--44",4,12,9,0.012,2060,2065
"SSP1","Zambia","2065-2070","40--44",4,10,9,0.01,2065,2070
"SSP1","Zambia","2075-2080","40--44",4,8,9,0.008,2075,2080
"SSP1","Zambia","2015-2020","45--49",4,11,10,0.011,2015,2020
"SSP1","Zambia","2020-2025","45--49",4,10,10,0.01,2020,2025
"SSP1","Zambia","2025-2030","45--49",4,9,10,0.009,2025,2030
"SSP1","Zambia","2030-2035","45--49",4,5,10,0.005,2030,2035
"SSP1","Zambia","2035-2040","45--49",4,4,10,0.004,2035,2040
"SSP1","Zambia","2040-2045","45--49",4,3,10,0.003,2040,2045
"SSP1","Zambia","2045-2050","45--49",4,3,10,0.003,2045,2050
"SSP1","Zambia","2050-2055","45--49",4,2,10,0.002,2050,2055
"SSP1","Zambia","2055-2060","45--49",4,2,10,0.002,2055,2060
"SSP1","Zambia","2060-2065","45--49",4,1,10,0.001,2060,2065
"SSP1","Zambia","2065-2070","45--49",4,1,10,0.001,2065,2070
"SSP1","Zambia","2075-2080","45--49",4,0,10,0,2075,2080
"SSP1","Zambia","2015-2020","15--19",5,3,4,0.003,2015,2020
"SSP1","Zambia","2020-2025","15--19",5,0,4,0,2020,2025
"SSP1","Zambia","2025-2030","15--19",5,0,4,0,2025,2030
"SSP1","Zambia","2030-2035","15--19",5,0,4,0,2030,2035
"SSP1","Zambia","2035-2040","15--19",5,0,4,0,2035,2040
"SSP1","Zambia","2040-2045","15--19",5,0,4,0,2040,2045
"SSP1","Zambia","2045-2050","15--19",5,0,4,0,2045,2050
"SSP1","Zambia","2050-2055","15--19",5,0,4,0,2050,2055
"SSP1","Zambia","2055-2060","15--19",5,0,4,0,2055,2060
"SSP1","Zambia","2060-2065","15--19",5,0,4,0,2060,2065
"SSP1","Zambia","2065-2070","15--19",5,0,4,0,2065,2070
"SSP1","Zambia","2075-2080","15--19",5,0,4,0,2075,2080
"SSP1","Zambia","2015-2020","20--24",5,149,5,0.149,2015,2020
"SSP1","Zambia","2020-2025","20--24",5,141,5,0.141,2020,2025
"SSP1","Zambia","2025-2030","20--24",5,131,5,0.131,2025,2030
"SSP1","Zambia","2030-2035","20--24",5,126,5,0.126,2030,2035
"SSP1","Zambia","2035-2040","20--24",5,121,5,0.121,2035,2040
"SSP1","Zambia","2040-2045","20--24",5,114,5,0.114,2040,2045
"SSP1","Zambia","2045-2050","20--24",5,108,5,0.108,2045,2050
"SSP1","Zambia","2050-2055","20--24",5,103,5,0.103,2050,2055
"SSP1","Zambia","2055-2060","20--24",5,98,5,0.098,2055,2060
"SSP1","Zambia","2060-2065","20--24",5,94,5,0.094,2060,2065
"SSP1","Zambia","2065-2070","20--24",5,90,5,0.09,2065,2070
"SSP1","Zambia","2075-2080","20--24",5,83,5,0.083,2075,2080
"SSP1","Zambia","2015-2020","25--29",5,162,6,0.162,2015,2020
"SSP1","Zambia","2020-2025","25--29",5,151,6,0.151,2020,2025
"SSP1","Zambia","2025-2030","25--29",5,141,6,0.141,2025,2030
"SSP1","Zambia","2030-2035","25--29",5,135,6,0.135,2030,2035
"SSP1","Zambia","2035-2040","25--29",5,136,6,0.136,2035,2040
"SSP1","Zambia","2040-2045","25--29",5,141,6,0.141,2040,2045
"SSP1","Zambia","2045-2050","25--29",5,136,6,0.136,2045,2050
"SSP1","Zambia","2050-2055","25--29",5,130,6,0.13,2050,2055
"SSP1","Zambia","2055-2060","25--29",5,124,6,0.124,2055,2060
"SSP1","Zambia","2060-2065","25--29",5,119,6,0.119,2060,2065
"SSP1","Zambia","2065-2070","25--29",5,115,6,0.115,2065,2070
"SSP1","Zambia","2075-2080","25--29",5,109,6,0.109,2075,2080
"SSP1","Zambia","2015-2020","30--34",5,126,7,0.126,2015,2020
"SSP1","Zambia","2020-2025","30--34",5,117,7,0.117,2020,2025
"SSP1","Zambia","2025-2030","30--34",5,109,7,0.109,2025,2030
"SSP1","Zambia","2030-2035","30--34",5,104,7,0.104,2030,2035
"SSP1","Zambia","2035-2040","30--34",5,103,7,0.103,2035,2040
"SSP1","Zambia","2040-2045","30--34",5,91,7,0.091,2040,2045
"SSP1","Zambia","2045-2050","30--34",5,82,7,0.082,2045,2050
"SSP1","Zambia","2050-2055","30--34",5,76,7,0.076,2050,2055
"SSP1","Zambia","2055-2060","30--34",5,72,7,0.072,2055,2060
"SSP1","Zambia","2060-2065","30--34",5,68,7,0.068,2060,2065
"SSP1","Zambia","2065-2070","30--34",5,66,7,0.066,2065,2070
"SSP1","Zambia","2075-2080","30--34",5,63,7,0.063,2075,2080
"SSP1","Zambia","2015-2020","35--39",5,92,8,0.092,2015,2020
"SSP1","Zambia","2020-2025","35--39",5,85,8,0.085,2020,2025
"SSP1","Zambia","2025-2030","35--39",5,79,8,0.079,2025,2030
"SSP1","Zambia","2030-2035","35--39",5,76,8,0.076,2030,2035
"SSP1","Zambia","2035-2040","35--39",5,61,8,0.061,2035,2040
"SSP1","Zambia","2040-2045","35--39",5,50,8,0.05,2040,2045
"SSP1","Zambia","2045-2050","35--39",5,45,8,0.045,2045,2050
"SSP1","Zambia","2050-2055","35--39",5,41,8,0.041,2050,2055
"SSP1","Zambia","2055-2060","35--39",5,37,8,0.037,2055,2060
"SSP1","Zambia","2060-2065","35--39",5,35,8,0.035,2060,2065
"SSP1","Zambia","2065-2070","35--39",5,32,8,0.032,2065,2070
"SSP1","Zambia","2075-2080","35--39",5,30,8,0.03,2075,2080
"SSP1","Zambia","2015-2020","40--44",5,46,9,0.046,2015,2020
"SSP1","Zambia","2020-2025","40--44",5,42,9,0.042,2020,2025
"SSP1","Zambia","2025-2030","40--44",5,40,9,0.04,2025,2030
"SSP1","Zambia","2030-2035","40--44",5,32,9,0.032,2030,2035
"SSP1","Zambia","2035-2040","40--44",5,26,9,0.026,2035,2040
"SSP1","Zambia","2040-2045","40--44",5,23,9,0.023,2040,2045
"SSP1","Zambia","2045-2050","40--44",5,20,9,0.02,2045,2050
"SSP1","Zambia","2050-2055","40--44",5,17,9,0.017,2050,2055
"SSP1","Zambia","2055-2060","40--44",5,15,9,0.015,2055,2060
"SSP1","Zambia","2060-2065","40--44",5,14,9,0.014,2060,2065
"SSP1","Zambia","2065-2070","40--44",5,12,9,0.012,2065,2070
"SSP1","Zambia","2075-2080","40--44",5,10,9,0.01,2075,2080
"SSP1","Zambia","2015-2020","45--49",5,11,10,0.011,2015,2020
"SSP1","Zambia","2020-2025","45--49",5,11,10,0.011,2020,2025
"SSP1","Zambia","2025-2030","45--49",5,10,10,0.01,2025,2030
"SSP1","Zambia","2030-2035","45--49",5,6,10,0.006,2030,2035
"SSP1","Zambia","2035-2040","45--49",5,5,10,0.005,2035,2040
"SSP1","Zambia","2040-2045","45--49",5,4,10,0.004,2040,2045
"SSP1","Zambia","2045-2050","45--49",5,3,10,0.003,2045,2050
"SSP1","Zambia","2050-2055","45--49",5,3,10,0.003,2050,2055
"SSP1","Zambia","2055-2060","45--49",5,2,10,0.002,2055,2060
"SSP1","Zambia","2060-2065","45--49",5,2,10,0.002,2060,2065
"SSP1","Zambia","2065-2070","45--49",5,2,10,0.002,2065,2070
"SSP1","Zambia","2075-2080","45--49",5,0,10,0,2075,2080
"SSP1","Zambia","2015-2020","15--19",6,0,4,0,2015,2020
"SSP1","Zambia","2020-2025","15--19",6,0,4,0,2020,2025
"SSP1","Zambia","2025-2030","15--19",6,0,4,0,2025,2030
"SSP1","Zambia","2030-2035","15--19",6,0,4,0,2030,2035
"SSP1","Zambia","2035-2040","15--19",6,0,4,0,2035,2040
"SSP1","Zambia","2040-2045","15--19",6,0,4,0,2040,2045
"SSP1","Zambia","2045-2050","15--19",6,0,4,0,2045,2050
"SSP1","Zambia","2050-2055","15--19",6,0,4,0,2050,2055
"SSP1","Zambia","2055-2060","15--19",6,0,4,0,2055,2060
"SSP1","Zambia","2060-2065","15--19",6,0,4,0,2060,2065
"SSP1","Zambia","2065-2070","15--19",6,0,4,0,2065,2070
"SSP1","Zambia","2075-2080","15--19",6,0,4,0,2075,2080
"SSP1","Zambia","2015-2020","20--24",6,64,5,0.064,2015,2020
"SSP1","Zambia","2020-2025","20--24",6,55,5,0.055,2020,2025
"SSP1","Zambia","2025-2030","20--24",6,49,5,0.049,2025,2030
"SSP1","Zambia","2030-2035","20--24",6,44,5,0.044,2030,2035
"SSP1","Zambia","2035-2040","20--24",6,41,5,0.041,2035,2040
"SSP1","Zambia","2040-2045","20--24",6,38,5,0.038,2040,2045
"SSP1","Zambia","2045-2050","20--24",6,35,5,0.035,2045,2050
"SSP1","Zambia","2050-2055","20--24",6,33,5,0.033,2050,2055
"SSP1","Zambia","2055-2060","20--24",6,31,5,0.031,2055,2060
"SSP1","Zambia","2060-2065","20--24",6,29,5,0.029,2060,2065
"SSP1","Zambia","2065-2070","20--24",6,28,5,0.028,2065,2070
"SSP1","Zambia","2075-2080","20--24",6,25,5,0.025,2075,2080
"SSP1","Zambia","2015-2020","25--29",6,144,6,0.144,2015,2020
"SSP1","Zambia","2020-2025","25--29",6,137,6,0.137,2020,2025
"SSP1","Zambia","2025-2030","25--29",6,127,6,0.127,2025,2030
"SSP1","Zambia","2030-2035","25--29",6,122,6,0.122,2030,2035
"SSP1","Zambia","2035-2040","25--29",6,123,6,0.123,2035,2040
"SSP1","Zambia","2040-2045","25--29",6,120,6,0.12,2040,2045
"SSP1","Zambia","2045-2050","25--29",6,116,6,0.116,2045,2050
"SSP1","Zambia","2050-2055","25--29",6,111,6,0.111,2050,2055
"SSP1","Zambia","2055-2060","25--29",6,107,6,0.107,2055,2060
"SSP1","Zambia","2060-2065","25--29",6,103,6,0.103,2060,2065
"SSP1","Zambia","2065-2070","25--29",6,99,6,0.099,2065,2070
"SSP1","Zambia","2075-2080","25--29",6,93,6,0.093,2075,2080
"SSP1","Zambia","2015-2020","30--34",6,134,7,0.134,2015,2020
"SSP1","Zambia","2020-2025","30--34",6,125,7,0.125,2020,2025
"SSP1","Zambia","2025-2030","30--34",6,114,7,0.114,2025,2030
"SSP1","Zambia","2030-2035","30--34",6,108,7,0.108,2030,2035
"SSP1","Zambia","2035-2040","30--34",6,106,7,0.106,2035,2040
"SSP1","Zambia","2040-2045","30--34",6,105,7,0.105,2040,2045
"SSP1","Zambia","2045-2050","30--34",6,100,7,0.1,2045,2050
"SSP1","Zambia","2050-2055","30--34",6,95,7,0.095,2050,2055
"SSP1","Zambia","2055-2060","30--34",6,90,7,0.09,2055,2060
"SSP1","Zambia","2060-2065","30--34",6,87,7,0.087,2060,2065
"SSP1","Zambia","2065-2070","30--34",6,84,7,0.084,2065,2070
"SSP1","Zambia","2075-2080","30--34",6,81,7,0.081,2075,2080
"SSP1","Zambia","2015-2020","35--39",6,104,8,0.104,2015,2020
"SSP1","Zambia","2020-2025","35--39",6,89,8,0.089,2020,2025
"SSP1","Zambia","2025-2030","35--39",6,81,8,0.081,2025,2030
"SSP1","Zambia","2030-2035","35--39",6,77,8,0.077,2030,2035
"SSP1","Zambia","2035-2040","35--39",6,67,8,0.067,2035,2040
"SSP1","Zambia","2040-2045","35--39",6,57,8,0.057,2040,2045
"SSP1","Zambia","2045-2050","35--39",6,52,8,0.052,2045,2050
"SSP1","Zambia","2050-2055","35--39",6,48,8,0.048,2050,2055
"SSP1","Zambia","2055-2060","35--39",6,45,8,0.045,2055,2060
"SSP1","Zambia","2060-2065","35--39",6,42,8,0.042,2060,2065
"SSP1","Zambia","2065-2070","35--39",6,40,8,0.04,2065,2070
"SSP1","Zambia","2075-2080","35--39",6,38,8,0.038,2075,2080
"SSP1","Zambia","2015-2020","40--44",6,59,9,0.059,2015,2020
"SSP1","Zambia","2020-2025","40--44",6,49,9,0.049,2020,2025
"SSP1","Zambia","2025-2030","40--44",6,45,9,0.045,2025,2030
"SSP1","Zambia","2030-2035","40--44",6,40,9,0.04,2030,2035
"SSP1","Zambia","2035-2040","40--44",6,32,9,0.032,2035,2040
"SSP1","Zambia","2040-2045","40--44",6,28,9,0.028,2040,2045
"SSP1","Zambia","2045-2050","40--44",6,25,9,0.025,2045,2050
"SSP1","Zambia","2050-2055","40--44",6,22,9,0.022,2050,2055
"SSP1","Zambia","2055-2060","40--44",6,20,9,0.02,2055,2060
"SSP1","Zambia","2060-2065","40--44",6,18,9,0.018,2060,2065
"SSP1","Zambia","2065-2070","40--44",6,16,9,0.016,2065,2070
"SSP1","Zambia","2075-2080","40--44",6,14,9,0.014,2075,2080
"SSP1","Zambia","2015-2020","45--49",6,15,10,0.015,2015,2020
"SSP1","Zambia","2020-2025","45--49",6,12,10,0.012,2020,2025
"SSP1","Zambia","2025-2030","45--49",6,11,10,0.011,2025,2030
"SSP1","Zambia","2030-2035","45--49",6,8,10,0.008,2030,2035
"SSP1","Zambia","2035-2040","45--49",6,7,10,0.007,2035,2040
"SSP1","Zambia","2040-2045","45--49",6,6,10,0.006,2040,2045
"SSP1","Zambia","2045-2050","45--49",6,5,10,0.005,2045,2050
"SSP1","Zambia","2050-2055","45--49",6,4,10,0.004,2050,2055
"SSP1","Zambia","2055-2060","45--49",6,4,10,0.004,2055,2060
"SSP1","Zambia","2060-2065","45--49",6,3,10,0.003,2060,2065
"SSP1","Zambia","2065-2070","45--49",6,3,10,0.003,2065,2070
"SSP1","Zambia","2075-2080","45--49",6,1,10,0.001,2075,2080
"Universal","Zambia","2015-2020","15--19",1,134,4,0.134,2015,2020
"Universal","Zambia","2020-2025","15--19",1,113,4,0.113,2020,2025
"Universal","Zambia","2025-2030","15--19",1,95,4,0.095,2025,2030
"Universal","Zambia","2030-2035","15--19",1,78,4,0.078,2030,2035
"Universal","Zambia","2035-2040","15--19",1,64,4,0.064,2035,2040
"Universal","Zambia","2040-2045","15--19",1,53,4,0.053,2040,2045
"Universal","Zambia","2045-2050","15--19",1,44,4,0.044,2045,2050
"Universal","Zambia","2050-2055","15--19",1,37,4,0.037,2050,2055
"Universal","Zambia","2055-2060","15--19",1,32,4,0.032,2055,2060
"Universal","Zambia","2060-2065","15--19",1,27,4,0.027,2060,2065
"Universal","Zambia","2065-2070","15--19",1,25,4,0.025,2065,2070
"Universal","Zambia","2075-2080","15--19",1,20,4,0.02,2075,2080
"Universal","Zambia","2015-2020","20--24",1,373,5,0.373,2015,2020
"Universal","Zambia","2020-2025","20--24",1,344,5,0.344,2020,2025
"Universal","Zambia","2025-2030","20--24",1,321,5,0.321,2025,2030
"Universal","Zambia","2030-2035","20--24",1,295,5,0.295,2030,2035
"Universal","Zambia","2035-2040","20--24",1,268,5,0.268,2035,2040
"Universal","Zambia","2040-2045","20--24",1,242,5,0.242,2040,2045
"Universal","Zambia","2045-2050","20--24",1,218,5,0.218,2045,2050
"Universal","Zambia","2050-2055","20--24",1,198,5,0.198,2050,2055
"Universal","Zambia","2055-2060","20--24",1,181,5,0.181,2055,2060
"Universal","Zambia","2060-2065","20--24",1,167,5,0.167,2060,2065
"Universal","Zambia","2065-2070","20--24",1,157,5,0.157,2065,2070
"Universal","Zambia","2075-2080","20--24",1,141,5,0.141,2075,2080
"Universal","Zambia","2015-2020","25--29",1,341,6,0.341,2015,2020
"Universal","Zambia","2020-2025","25--29",1,308,6,0.308,2020,2025
"Universal","Zambia","2025-2030","25--29",1,285,6,0.285,2025,2030
"Universal","Zambia","2030-2035","25--29",1,257,6,0.257,2030,2035
"Universal","Zambia","2035-2040","25--29",1,230,6,0.23,2035,2040
"Universal","Zambia","2040-2045","25--29",1,204,6,0.204,2040,2045
"Universal","Zambia","2045-2050","25--29",1,180,6,0.18,2045,2050
"Universal","Zambia","2050-2055","25--29",1,159,6,0.159,2050,2055
"Universal","Zambia","2055-2060","25--29",1,143,6,0.143,2055,2060
"Universal","Zambia","2060-2065","25--29",1,131,6,0.131,2060,2065
"Universal","Zambia","2065-2070","25--29",1,122,6,0.122,2065,2070
"Universal","Zambia","2075-2080","25--29",1,109,6,0.109,2075,2080
"Universal","Zambia","2015-2020","30--34",1,239,7,0.239,2015,2020
"Universal","Zambia","2020-2025","30--34",1,214,7,0.214,2020,2025
"Universal","Zambia","2025-2030","30--34",1,173,7,0.173,2025,2030
"Universal","Zambia","2030-2035","30--34",1,148,7,0.148,2030,2035
"Universal","Zambia","2035-2040","30--34",1,126,7,0.126,2035,2040
"Universal","Zambia","2040-2045","30--34",1,107,7,0.107,2040,2045
"Universal","Zambia","2045-2050","30--34",1,91,7,0.091,2045,2050
"Universal","Zambia","2050-2055","30--34",1,78,7,0.078,2050,2055
"Universal","Zambia","2055-2060","30--34",1,68,7,0.068,2055,2060
"Universal","Zambia","2060-2065","30--34",1,62,7,0.062,2060,2065
"Universal","Zambia","2065-2070","30--34",1,57,7,0.057,2065,2070
"Universal","Zambia","2075-2080","30--34",1,51,7,0.051,2075,2080
"Universal","Zambia","2015-2020","35--39",1,156,8,0.156,2015,2020
"Universal","Zambia","2020-2025","35--39",1,127,8,0.127,2020,2025
"Universal","Zambia","2025-2030","35--39",1,105,8,0.105,2025,2030
"Universal","Zambia","2030-2035","35--39",1,88,8,0.088,2030,2035
"Universal","Zambia","2035-2040","35--39",1,73,8,0.073,2035,2040
"Universal","Zambia","2040-2045","35--39",1,61,8,0.061,2040,2045
"Universal","Zambia","2045-2050","35--39",1,51,8,0.051,2045,2050
"Universal","Zambia","2050-2055","35--39",1,43,8,0.043,2050,2055
"Universal","Zambia","2055-2060","35--39",1,37,8,0.037,2055,2060
"Universal","Zambia","2060-2065","35--39",1,32,8,0.032,2060,2065
"Universal","Zambia","2065-2070","35--39",1,29,8,0.029,2065,2070
"Universal","Zambia","2075-2080","35--39",1,25,8,0.025,2075,2080
"Universal","Zambia","2015-2020","40--44",1,70,9,0.07,2015,2020
"Universal","Zambia","2020-2025","40--44",1,56,9,0.056,2020,2025
"Universal","Zambia","2025-2030","40--44",1,46,9,0.046,2025,2030
"Universal","Zambia","2030-2035","40--44",1,38,9,0.038,2030,2035
"Universal","Zambia","2035-2040","40--44",1,31,9,0.031,2035,2040
"Universal","Zambia","2040-2045","40--44",1,25,9,0.025,2040,2045
"Universal","Zambia","2045-2050","40--44",1,21,9,0.021,2045,2050
"Universal","Zambia","2050-2055","40--44",1,17,9,0.017,2050,2055
"Universal","Zambia","2055-2060","40--44",1,14,9,0.014,2055,2060
"Universal","Zambia","2060-2065","40--44",1,12,9,0.012,2060,2065
"Universal","Zambia","2065-2070","40--44",1,10,9,0.01,2065,2070
"Universal","Zambia","2075-2080","40--44",1,8,9,0.008,2075,2080
"Universal","Zambia","2015-2020","45--49",1,18,10,0.018,2015,2020
"Universal","Zambia","2020-2025","45--49",1,13,10,0.013,2020,2025
"Universal","Zambia","2025-2030","45--49",1,10,10,0.01,2025,2030
"Universal","Zambia","2030-2035","45--49",1,8,10,0.008,2030,2035
"Universal","Zambia","2035-2040","45--49",1,6,10,0.006,2035,2040
"Universal","Zambia","2040-2045","45--49",1,4,10,0.004,2040,2045
"Universal","Zambia","2045-2050","45--49",1,3,10,0.003,2045,2050
"Universal","Zambia","2050-2055","45--49",1,2,10,0.002,2050,2055
"Universal","Zambia","2055-2060","45--49",1,1,10,0.001,2055,2060
"Universal","Zambia","2060-2065","45--49",1,1,10,0.001,2060,2065
"Universal","Zambia","2065-2070","45--49",1,1,10,0.001,2065,2070
"Universal","Zambia","2075-2080","45--49",1,7,10,0.007,2075,2080
"Universal","Zambia","2015-2020","15--19",2,124,4,0.124,2015,2020
"Universal","Zambia","2020-2025","15--19",2,106,4,0.106,2020,2025
"Universal","Zambia","2025-2030","15--19",2,89,4,0.089,2025,2030
"Universal","Zambia","2030-2035","15--19",2,74,4,0.074,2030,2035
"Universal","Zambia","2035-2040","15--19",2,61,4,0.061,2035,2040
"Universal","Zambia","2040-2045","15--19",2,51,4,0.051,2040,2045
"Universal","Zambia","2045-2050","15--19",2,42,4,0.042,2045,2050
"Universal","Zambia","2050-2055","15--19",2,36,4,0.036,2050,2055
"Universal","Zambia","2055-2060","15--19",2,31,4,0.031,2055,2060
"Universal","Zambia","2060-2065","15--19",2,27,4,0.027,2060,2065
"Universal","Zambia","2065-2070","15--19",2,24,4,0.024,2065,2070
"Universal","Zambia","2075-2080","15--19",2,20,4,0.02,2075,2080
"Universal","Zambia","2015-2020","20--24",2,347,5,0.347,2015,2020
"Universal","Zambia","2020-2025","20--24",2,319,5,0.319,2020,2025
"Universal","Zambia","2025-2030","20--24",2,301,5,0.301,2025,2030
"Universal","Zambia","2030-2035","20--24",2,278,5,0.278,2030,2035
"Universal","Zambia","2035-2040","20--24",2,255,5,0.255,2035,2040
"Universal","Zambia","2040-2045","20--24",2,232,5,0.232,2040,2045
"Universal","Zambia","2045-2050","20--24",2,211,5,0.211,2045,2050
"Universal","Zambia","2050-2055","20--24",2,192,5,0.192,2050,2055
"Universal","Zambia","2055-2060","20--24",2,177,5,0.177,2055,2060
"Universal","Zambia","2060-2065","20--24",2,165,5,0.165,2060,2065
"Universal","Zambia","2065-2070","20--24",2,155,5,0.155,2065,2070
"Universal","Zambia","2075-2080","20--24",2,140,5,0.14,2075,2080
"Universal","Zambia","2015-2020","25--29",2,317,6,0.317,2015,2020
"Universal","Zambia","2020-2025","25--29",2,286,6,0.286,2020,2025
"Universal","Zambia","2025-2030","25--29",2,268,6,0.268,2025,2030
"Universal","Zambia","2030-2035","25--29",2,243,6,0.243,2030,2035
"Universal","Zambia","2035-2040","25--29",2,219,6,0.219,2035,2040
"Universal","Zambia","2040-2045","25--29",2,195,6,0.195,2040,2045
"Universal","Zambia","2045-2050","25--29",2,173,6,0.173,2045,2050
"Universal","Zambia","2050-2055","25--29",2,155,6,0.155,2050,2055
"Universal","Zambia","2055-2060","25--29",2,140,6,0.14,2055,2060
"Universal","Zambia","2060-2065","25--29",2,129,6,0.129,2060,2065
"Universal","Zambia","2065-2070","25--29",2,120,6,0.12,2065,2070
"Universal","Zambia","2075-2080","25--29",2,109,6,0.109,2075,2080
"Universal","Zambia","2015-2020","30--34",2,222,7,0.222,2015,2020
"Universal","Zambia","2020-2025","30--34",2,200,7,0.2,2020,2025
"Universal","Zambia","2025-2030","30--34",2,163,7,0.163,2025,2030
"Universal","Zambia","2030-2035","30--34",2,140,7,0.14,2030,2035
"Universal","Zambia","2035-2040","30--34",2,120,7,0.12,2035,2040
"Universal","Zambia","2040-2045","30--34",2,103,7,0.103,2040,2045
"Universal","Zambia","2045-2050","30--34",2,88,7,0.088,2045,2050
"Universal","Zambia","2050-2055","30--34",2,76,7,0.076,2050,2055
"Universal","Zambia","2055-2060","30--34",2,67,7,0.067,2055,2060
"Universal","Zambia","2060-2065","30--34",2,61,7,0.061,2060,2065
"Universal","Zambia","2065-2070","30--34",2,56,7,0.056,2065,2070
"Universal","Zambia","2075-2080","30--34",2,50,7,0.05,2075,2080
"Universal","Zambia","2015-2020","35--39",2,144,8,0.144,2015,2020
"Universal","Zambia","2020-2025","35--39",2,122,8,0.122,2020,2025
"Universal","Zambia","2025-2030","35--39",2,99,8,0.099,2025,2030
"Universal","Zambia","2030-2035","35--39",2,83,8,0.083,2030,2035
"Universal","Zambia","2035-2040","35--39",2,70,8,0.07,2035,2040
"Universal","Zambia","2040-2045","35--39",2,58,8,0.058,2040,2045
"Universal","Zambia","2045-2050","35--39",2,49,8,0.049,2045,2050
"Universal","Zambia","2050-2055","35--39",2,42,8,0.042,2050,2055
"Universal","Zambia","2055-2060","35--39",2,36,8,0.036,2055,2060
"Universal","Zambia","2060-2065","35--39",2,32,8,0.032,2060,2065
"Universal","Zambia","2065-2070","35--39",2,29,8,0.029,2065,2070
"Universal","Zambia","2075-2080","35--39",2,24,8,0.024,2075,2080
"Universal","Zambia","2015-2020","40--44",2,65,9,0.065,2015,2020
"Universal","Zambia","2020-2025","40--44",2,52,9,0.052,2020,2025
"Universal","Zambia","2025-2030","40--44",2,43,9,0.043,2025,2030
"Universal","Zambia","2030-2035","40--44",2,36,9,0.036,2030,2035
"Universal","Zambia","2035-2040","40--44",2,29,9,0.029,2035,2040
"Universal","Zambia","2040-2045","40--44",2,24,9,0.024,2040,2045
"Universal","Zambia","2045-2050","40--44",2,20,9,0.02,2045,2050
"Universal","Zambia","2050-2055","40--44",2,16,9,0.016,2050,2055
"Universal","Zambia","2055-2060","40--44",2,14,9,0.014,2055,2060
"Universal","Zambia","2060-2065","40--44",2,12,9,0.012,2060,2065
"Universal","Zambia","2065-2070","40--44",2,10,9,0.01,2065,2070
"Universal","Zambia","2075-2080","40--44",2,8,9,0.008,2075,2080
"Universal","Zambia","2015-2020","45--49",2,17,10,0.017,2015,2020
"Universal","Zambia","2020-2025","45--49",2,12,10,0.012,2020,2025
"Universal","Zambia","2025-2030","45--49",2,9,10,0.009,2025,2030
"Universal","Zambia","2030-2035","45--49",2,7,10,0.007,2030,2035
"Universal","Zambia","2035-2040","45--49",2,5,10,0.005,2035,2040
"Universal","Zambia","2040-2045","45--49",2,4,10,0.004,2040,2045
"Universal","Zambia","2045-2050","45--49",2,3,10,0.003,2045,2050
"Universal","Zambia","2050-2055","45--49",2,2,10,0.002,2050,2055
"Universal","Zambia","2055-2060","45--49",2,1,10,0.001,2055,2060
"Universal","Zambia","2060-2065","45--49",2,1,10,0.001,2060,2065
"Universal","Zambia","2065-2070","45--49",2,1,10,0.001,2065,2070
"Universal","Zambia","2075-2080","45--49",2,7,10,0.007,2075,2080
"Universal","Zambia","2015-2020","15--19",3,101,4,0.101,2015,2020
"Universal","Zambia","2020-2025","15--19",3,88,4,0.088,2020,2025
"Universal","Zambia","2025-2030","15--19",3,75,4,0.075,2025,2030
"Universal","Zambia","2030-2035","15--19",3,63,4,0.063,2030,2035
"Universal","Zambia","2035-2040","15--19",3,53,4,0.053,2035,2040
"Universal","Zambia","2040-2045","15--19",3,46,4,0.046,2040,2045
"Universal","Zambia","2045-2050","15--19",3,39,4,0.039,2045,2050
"Universal","Zambia","2050-2055","15--19",3,33,4,0.033,2050,2055
"Universal","Zambia","2055-2060","15--19",3,29,4,0.029,2055,2060
"Universal","Zambia","2060-2065","15--19",3,26,4,0.026,2060,2065
"Universal","Zambia","2065-2070","15--19",3,23,4,0.023,2065,2070
"Universal","Zambia","2075-2080","15--19",3,20,4,0.02,2075,2080
"Universal","Zambia","2015-2020","20--24",3,283,5,0.283,2015,2020
"Universal","Zambia","2020-2025","20--24",3,259,5,0.259,2020,2025
"Universal","Zambia","2025-2030","20--24",3,250,5,0.25,2025,2030
"Universal","Zambia","2030-2035","20--24",3,239,5,0.239,2030,2035
"Universal","Zambia","2035-2040","20--24",3,224,5,0.224,2035,2040
"Universal","Zambia","2040-2045","20--24",3,208,5,0.208,2040,2045
"Universal","Zambia","2045-2050","20--24",3,193,5,0.193,2045,2050
"Universal","Zambia","2050-2055","20--24",3,179,5,0.179,2050,2055
"Universal","Zambia","2055-2060","20--24",3,167,5,0.167,2055,2060
"Universal","Zambia","2060-2065","20--24",3,158,5,0.158,2060,2065
"Universal","Zambia","2065-2070","20--24",3,151,5,0.151,2065,2070
"Universal","Zambia","2075-2080","20--24",3,138,5,0.138,2075,2080
"Universal","Zambia","2015-2020","25--29",3,259,6,0.259,2015,2020
"Universal","Zambia","2020-2025","25--29",3,234,6,0.234,2020,2025
"Universal","Zambia","2025-2030","25--29",3,220,6,0.22,2025,2030
"Universal","Zambia","2030-2035","25--29",3,209,6,0.209,2030,2035
"Universal","Zambia","2035-2040","25--29",3,192,6,0.192,2035,2040
"Universal","Zambia","2040-2045","25--29",3,175,6,0.175,2040,2045
"Universal","Zambia","2045-2050","25--29",3,158,6,0.158,2045,2050
"Universal","Zambia","2050-2055","25--29",3,144,6,0.144,2050,2055
"Universal","Zambia","2055-2060","25--29",3,133,6,0.133,2055,2060
"Universal","Zambia","2060-2065","25--29",3,124,6,0.124,2060,2065
"Universal","Zambia","2065-2070","25--29",3,117,6,0.117,2065,2070
"Universal","Zambia","2075-2080","25--29",3,107,6,0.107,2075,2080
"Universal","Zambia","2015-2020","30--34",3,181,7,0.181,2015,2020
"Universal","Zambia","2020-2025","30--34",3,163,7,0.163,2020,2025
"Universal","Zambia","2025-2030","30--34",3,147,7,0.147,2025,2030
"Universal","Zambia","2030-2035","30--34",3,120,7,0.12,2030,2035
"Universal","Zambia","2035-2040","30--34",3,105,7,0.105,2035,2040
"Universal","Zambia","2040-2045","30--34",3,92,7,0.092,2040,2045
"Universal","Zambia","2045-2050","30--34",3,80,7,0.08,2045,2050
"Universal","Zambia","2050-2055","30--34",3,71,7,0.071,2050,2055
"Universal","Zambia","2055-2060","30--34",3,63,7,0.063,2055,2060
"Universal","Zambia","2060-2065","30--34",3,58,7,0.058,2060,2065
"Universal","Zambia","2065-2070","30--34",3,54,7,0.054,2065,2070
"Universal","Zambia","2075-2080","30--34",3,50,7,0.05,2075,2080
"Universal","Zambia","2015-2020","35--39",3,118,8,0.118,2015,2020
"Universal","Zambia","2020-2025","35--39",3,106,8,0.106,2020,2025
"Universal","Zambia","2025-2030","35--39",3,83,8,0.083,2025,2030
"Universal","Zambia","2030-2035","35--39",3,71,8,0.071,2030,2035
"Universal","Zambia","2035-2040","35--39",3,61,8,0.061,2035,2040
"Universal","Zambia","2040-2045","35--39",3,52,8,0.052,2040,2045
"Universal","Zambia","2045-2050","35--39",3,45,8,0.045,2045,2050
"Universal","Zambia","2050-2055","35--39",3,39,8,0.039,2050,2055
"Universal","Zambia","2055-2060","35--39",3,34,8,0.034,2055,2060
"Universal","Zambia","2060-2065","35--39",3,31,8,0.031,2060,2065
"Universal","Zambia","2065-2070","35--39",3,28,8,0.028,2065,2070
"Universal","Zambia","2075-2080","35--39",3,24,8,0.024,2075,2080
"Universal","Zambia","2015-2020","40--44",3,53,9,0.053,2015,2020
"Universal","Zambia","2020-2025","40--44",3,48,9,0.048,2020,2025
"Universal","Zambia","2025-2030","40--44",3,36,9,0.036,2025,2030
"Universal","Zambia","2030-2035","40--44",3,31,9,0.031,2030,2035
"Universal","Zambia","2035-2040","40--44",3,26,9,0.026,2035,2040
"Universal","Zambia","2040-2045","40--44",3,22,9,0.022,2040,2045
"Universal","Zambia","2045-2050","40--44",3,18,9,0.018,2045,2050
"Universal","Zambia","2050-2055","40--44",3,15,9,0.015,2050,2055
"Universal","Zambia","2055-2060","40--44",3,13,9,0.013,2055,2060
"Universal","Zambia","2060-2065","40--44",3,11,9,0.011,2060,2065
"Universal","Zambia","2065-2070","40--44",3,10,9,0.01,2065,2070
"Universal","Zambia","2075-2080","40--44",3,8,9,0.008,2075,2080
"Universal","Zambia","2015-2020","45--49",3,14,10,0.014,2015,2020
"Universal","Zambia","2020-2025","45--49",3,11,10,0.011,2020,2025
"Universal","Zambia","2025-2030","45--49",3,8,10,0.008,2025,2030
"Universal","Zambia","2030-2035","45--49",3,6,10,0.006,2030,2035
"Universal","Zambia","2035-2040","45--49",3,5,10,0.005,2035,2040
"Universal","Zambia","2040-2045","45--49",3,4,10,0.004,2040,2045
"Universal","Zambia","2045-2050","45--49",3,3,10,0.003,2045,2050
"Universal","Zambia","2050-2055","45--49",3,2,10,0.002,2050,2055
"Universal","Zambia","2055-2060","45--49",3,1,10,0.001,2055,2060
"Universal","Zambia","2060-2065","45--49",3,1,10,0.001,2060,2065
"Universal","Zambia","2065-2070","45--49",3,1,10,0.001,2065,2070
"Universal","Zambia","2075-2080","45--49",3,7,10,0.007,2075,2080
"Universal","Zambia","2015-2020","15--19",4,58,4,0.058,2015,2020
"Universal","Zambia","2020-2025","15--19",4,52,4,0.052,2020,2025
"Universal","Zambia","2025-2030","15--19",4,44,4,0.044,2025,2030
"Universal","Zambia","2030-2035","15--19",4,37,4,0.037,2030,2035
"Universal","Zambia","2035-2040","15--19",4,32,4,0.032,2035,2040
"Universal","Zambia","2040-2045","15--19",4,28,4,0.028,2040,2045
"Universal","Zambia","2045-2050","15--19",4,24,4,0.024,2045,2050
"Universal","Zambia","2050-2055","15--19",4,21,4,0.021,2050,2055
"Universal","Zambia","2055-2060","15--19",4,19,4,0.019,2055,2060
"Universal","Zambia","2060-2065","15--19",4,17,4,0.017,2060,2065
"Universal","Zambia","2065-2070","15--19",4,15,4,0.015,2065,2070
"Universal","Zambia","2075-2080","15--19",4,13,4,0.013,2075,2080
"Universal","Zambia","2015-2020","20--24",4,208,5,0.208,2015,2020
"Universal","Zambia","2020-2025","20--24",4,194,5,0.194,2020,2025
"Universal","Zambia","2025-2030","20--24",4,183,5,0.183,2025,2030
"Universal","Zambia","2030-2035","20--24",4,182,5,0.182,2030,2035
"Universal","Zambia","2035-2040","20--24",4,179,5,0.179,2035,2040
"Universal","Zambia","2040-2045","20--24",4,171,5,0.171,2040,2045
"Universal","Zambia","2045-2050","20--24",4,162,5,0.162,2045,2050
"Universal","Zambia","2050-2055","20--24",4,154,5,0.154,2050,2055
"Universal","Zambia","2055-2060","20--24",4,147,5,0.147,2055,2060
"Universal","Zambia","2060-2065","20--24",4,140,5,0.14,2060,2065
"Universal","Zambia","2065-2070","20--24",4,135,5,0.135,2065,2070
"Universal","Zambia","2075-2080","20--24",4,127,5,0.127,2075,2080
"Universal","Zambia","2015-2020","25--29",4,200,6,0.2,2015,2020
"Universal","Zambia","2020-2025","25--29",4,185,6,0.185,2020,2025
"Universal","Zambia","2025-2030","25--29",4,171,6,0.171,2025,2030
"Universal","Zambia","2030-2035","25--29",4,165,6,0.165,2030,2035
"Universal","Zambia","2035-2040","25--29",4,168,6,0.168,2035,2040
"Universal","Zambia","2040-2045","25--29",4,158,6,0.158,2040,2045
"Universal","Zambia","2045-2050","25--29",4,148,6,0.148,2045,2050
"Universal","Zambia","2050-2055","25--29",4,138,6,0.138,2050,2055
"Universal","Zambia","2055-2060","25--29",4,130,6,0.13,2055,2060
"Universal","Zambia","2060-2065","25--29",4,123,6,0.123,2060,2065
"Universal","Zambia","2065-2070","25--29",4,118,6,0.118,2065,2070
"Universal","Zambia","2075-2080","25--29",4,111,6,0.111,2075,2080
"Universal","Zambia","2015-2020","30--34",4,142,7,0.142,2015,2020
"Universal","Zambia","2020-2025","30--34",4,131,7,0.131,2020,2025
"Universal","Zambia","2025-2030","30--34",4,121,7,0.121,2025,2030
"Universal","Zambia","2030-2035","30--34",4,117,7,0.117,2030,2035
"Universal","Zambia","2035-2040","30--34",4,94,7,0.094,2035,2040
"Universal","Zambia","2040-2045","30--34",4,84,7,0.084,2040,2045
"Universal","Zambia","2045-2050","30--34",4,76,7,0.076,2045,2050
"Universal","Zambia","2050-2055","30--34",4,69,7,0.069,2050,2055
"Universal","Zambia","2055-2060","30--34",4,63,7,0.063,2055,2060
"Universal","Zambia","2060-2065","30--34",4,59,7,0.059,2060,2065
"Universal","Zambia","2065-2070","30--34",4,56,7,0.056,2065,2070
"Universal","Zambia","2075-2080","30--34",4,53,7,0.053,2075,2080
"Universal","Zambia","2015-2020","35--39",4,95,8,0.095,2015,2020
"Universal","Zambia","2020-2025","35--39",4,88,8,0.088,2020,2025
"Universal","Zambia","2025-2030","35--39",4,81,8,0.081,2025,2030
"Universal","Zambia","2030-2035","35--39",4,65,8,0.065,2030,2035
"Universal","Zambia","2035-2040","35--39",4,55,8,0.055,2035,2040
"Universal","Zambia","2040-2045","35--39",4,48,8,0.048,2040,2045
"Universal","Zambia","2045-2050","35--39",4,42,8,0.042,2045,2050
"Universal","Zambia","2050-2055","35--39",4,38,8,0.038,2050,2055
"Universal","Zambia","2055-2060","35--39",4,34,8,0.034,2055,2060
"Universal","Zambia","2060-2065","35--39",4,31,8,0.031,2060,2065
"Universal","Zambia","2065-2070","35--39",4,29,8,0.029,2065,2070
"Universal","Zambia","2075-2080","35--39",4,25,8,0.025,2075,2080
"Universal","Zambia","2015-2020","40--44",4,44,9,0.044,2015,2020
"Universal","Zambia","2020-2025","40--44",4,40,9,0.04,2020,2025
"Universal","Zambia","2025-2030","40--44",4,37,9,0.037,2025,2030
"Universal","Zambia","2030-2035","40--44",4,27,9,0.027,2030,2035
"Universal","Zambia","2035-2040","40--44",4,24,9,0.024,2035,2040
"Universal","Zambia","2040-2045","40--44",4,20,9,0.02,2040,2045
"Universal","Zambia","2045-2050","40--44",4,18,9,0.018,2045,2050
"Universal","Zambia","2050-2055","40--44",4,15,9,0.015,2050,2055
"Universal","Zambia","2055-2060","40--44",4,13,9,0.013,2055,2060
"Universal","Zambia","2060-2065","40--44",4,12,9,0.012,2060,2065
"Universal","Zambia","2065-2070","40--44",4,10,9,0.01,2065,2070
"Universal","Zambia","2075-2080","40--44",4,8,9,0.008,2075,2080
"Universal","Zambia","2015-2020","45--49",4,11,10,0.011,2015,2020
"Universal","Zambia","2020-2025","45--49",4,10,10,0.01,2020,2025
"Universal","Zambia","2025-2030","45--49",4,9,10,0.009,2025,2030
"Universal","Zambia","2030-2035","45--49",4,5,10,0.005,2030,2035
"Universal","Zambia","2035-2040","45--49",4,4,10,0.004,2035,2040
"Universal","Zambia","2040-2045","45--49",4,3,10,0.003,2040,2045
"Universal","Zambia","2045-2050","45--49",4,3,10,0.003,2045,2050
"Universal","Zambia","2050-2055","45--49",4,2,10,0.002,2050,2055
"Universal","Zambia","2055-2060","45--49",4,2,10,0.002,2055,2060
"Universal","Zambia","2060-2065","45--49",4,1,10,0.001,2060,2065
"Universal","Zambia","2065-2070","45--49",4,1,10,0.001,2065,2070
"Universal","Zambia","2075-2080","45--49",4,0,10,0,2075,2080
"Universal","Zambia","2015-2020","15--19",5,3,4,0.003,2015,2020
"Universal","Zambia","2020-2025","15--19",5,0,4,0,2020,2025
"Universal","Zambia","2025-2030","15--19",5,0,4,0,2025,2030
"Universal","Zambia","2030-2035","15--19",5,0,4,0,2030,2035
"Universal","Zambia","2035-2040","15--19",5,0,4,0,2035,2040
"Universal","Zambia","2040-2045","15--19",5,0,4,0,2040,2045
"Universal","Zambia","2045-2050","15--19",5,0,4,0,2045,2050
"Universal","Zambia","2050-2055","15--19",5,0,4,0,2050,2055
"Universal","Zambia","2055-2060","15--19",5,0,4,0,2055,2060
"Universal","Zambia","2060-2065","15--19",5,0,4,0,2060,2065
"Universal","Zambia","2065-2070","15--19",5,0,4,0,2065,2070
"Universal","Zambia","2075-2080","15--19",5,0,4,0,2075,2080
"Universal","Zambia","2015-2020","20--24",5,149,5,0.149,2015,2020
"Universal","Zambia","2020-2025","20--24",5,141,5,0.141,2020,2025
"Universal","Zambia","2025-2030","20--24",5,131,5,0.131,2025,2030
"Universal","Zambia","2030-2035","20--24",5,126,5,0.126,2030,2035
"Universal","Zambia","2035-2040","20--24",5,121,5,0.121,2035,2040
"Universal","Zambia","2040-2045","20--24",5,114,5,0.114,2040,2045
"Universal","Zambia","2045-2050","20--24",5,108,5,0.108,2045,2050
"Universal","Zambia","2050-2055","20--24",5,103,5,0.103,2050,2055
"Universal","Zambia","2055-2060","20--24",5,98,5,0.098,2055,2060
"Universal","Zambia","2060-2065","20--24",5,94,5,0.094,2060,2065
"Universal","Zambia","2065-2070","20--24",5,90,5,0.09,2065,2070
"Universal","Zambia","2075-2080","20--24",5,83,5,0.083,2075,2080
"Universal","Zambia","2015-2020","25--29",5,162,6,0.162,2015,2020
"Universal","Zambia","2020-2025","25--29",5,151,6,0.151,2020,2025
"Universal","Zambia","2025-2030","25--29",5,141,6,0.141,2025,2030
"Universal","Zambia","2030-2035","25--29",5,135,6,0.135,2030,2035
"Universal","Zambia","2035-2040","25--29",5,136,6,0.136,2035,2040
"Universal","Zambia","2040-2045","25--29",5,141,6,0.141,2040,2045
"Universal","Zambia","2045-2050","25--29",5,136,6,0.136,2045,2050
"Universal","Zambia","2050-2055","25--29",5,130,6,0.13,2050,2055
"Universal","Zambia","2055-2060","25--29",5,124,6,0.124,2055,2060
"Universal","Zambia","2060-2065","25--29",5,119,6,0.119,2060,2065
"Universal","Zambia","2065-2070","25--29",5,115,6,0.115,2065,2070
"Universal","Zambia","2075-2080","25--29",5,109,6,0.109,2075,2080
"Universal","Zambia","2015-2020","30--34",5,126,7,0.126,2015,2020
"Universal","Zambia","2020-2025","30--34",5,117,7,0.117,2020,2025
"Universal","Zambia","2025-2030","30--34",5,109,7,0.109,2025,2030
"Universal","Zambia","2030-2035","30--34",5,104,7,0.104,2030,2035
"Universal","Zambia","2035-2040","30--34",5,103,7,0.103,2035,2040
"Universal","Zambia","2040-2045","30--34",5,91,7,0.091,2040,2045
"Universal","Zambia","2045-2050","30--34",5,82,7,0.082,2045,2050
"Universal","Zambia","2050-2055","30--34",5,76,7,0.076,2050,2055
"Universal","Zambia","2055-2060","30--34",5,72,7,0.072,2055,2060
"Universal","Zambia","2060-2065","30--34",5,68,7,0.068,2060,2065
"Universal","Zambia","2065-2070","30--34",5,66,7,0.066,2065,2070
"Universal","Zambia","2075-2080","30--34",5,63,7,0.063,2075,2080
"Universal","Zambia","2015-2020","35--39",5,92,8,0.092,2015,2020
"Universal","Zambia","2020-2025","35--39",5,85,8,0.085,2020,2025
"Universal","Zambia","2025-2030","35--39",5,79,8,0.079,2025,2030
"Universal","Zambia","2030-2035","35--39",5,76,8,0.076,2030,2035
"Universal","Zambia","2035-2040","35--39",5,61,8,0.061,2035,2040
"Universal","Zambia","2040-2045","35--39",5,50,8,0.05,2040,2045
"Universal","Zambia","2045-2050","35--39",5,45,8,0.045,2045,2050
"Universal","Zambia","2050-2055","35--39",5,41,8,0.041,2050,2055
"Universal","Zambia","2055-2060","35--39",5,37,8,0.037,2055,2060
"Universal","Zambia","2060-2065","35--39",5,35,8,0.035,2060,2065
"Universal","Zambia","2065-2070","35--39",5,32,8,0.032,2065,2070
"Universal","Zambia","2075-2080","35--39",5,30,8,0.03,2075,2080
"Universal","Zambia","2015-2020","40--44",5,46,9,0.046,2015,2020
"Universal","Zambia","2020-2025","40--44",5,42,9,0.042,2020,2025
"Universal","Zambia","2025-2030","40--44",5,40,9,0.04,2025,2030
"Universal","Zambia","2030-2035","40--44",5,32,9,0.032,2030,2035
"Universal","Zambia","2035-2040","40--44",5,26,9,0.026,2035,2040
"Universal","Zambia","2040-2045","40--44",5,23,9,0.023,2040,2045
"Universal","Zambia","2045-2050","40--44",5,20,9,0.02,2045,2050
"Universal","Zambia","2050-2055","40--44",5,17,9,0.017,2050,2055
"Universal","Zambia","2055-2060","40--44",5,15,9,0.015,2055,2060
"Universal","Zambia","2060-2065","40--44",5,14,9,0.014,2060,2065
"Universal","Zambia","2065-2070","40--44",5,12,9,0.012,2065,2070
"Universal","Zambia","2075-2080","40--44",5,10,9,0.01,2075,2080
"Universal","Zambia","2015-2020","45--49",5,11,10,0.011,2015,2020
"Universal","Zambia","2020-2025","45--49",5,11,10,0.011,2020,2025
"Universal","Zambia","2025-2030","45--49",5,10,10,0.01,2025,2030
"Universal","Zambia","2030-2035","45--49",5,6,10,0.006,2030,2035
"Universal","Zambia","2035-2040","45--49",5,5,10,0.005,2035,2040
"Universal","Zambia","2040-2045","45--49",5,4,10,0.004,2040,2045
"Universal","Zambia","2045-2050","45--49",5,3,10,0.003,2045,2050
"Universal","Zambia","2050-2055","45--49",5,3,10,0.003,2050,2055
"Universal","Zambia","2055-2060","45--49",5,2,10,0.002,2055,2060
"Universal","Zambia","2060-2065","45--49",5,2,10,0.002,2060,2065
"Universal","Zambia","2065-2070","45--49",5,2,10,0.002,2065,2070
"Universal","Zambia","2075-2080","45--49",5,0,10,0,2075,2080
"Universal","Zambia","2015-2020","15--19",6,0,4,0,2015,2020
"Universal","Zambia","2020-2025","15--19",6,0,4,0,2020,2025
"Universal","Zambia","2025-2030","15--19",6,0,4,0,2025,2030
"Universal","Zambia","2030-2035","15--19",6,0,4,0,2030,2035
"Universal","Zambia","2035-2040","15--19",6,0,4,0,2035,2040
"Universal","Zambia","2040-2045","15--19",6,0,4,0,2040,2045
"Universal","Zambia","2045-2050","15--19",6,0,4,0,2045,2050
"Universal","Zambia","2050-2055","15--19",6,0,4,0,2050,2055
"Universal","Zambia","2055-2060","15--19",6,0,4,0,2055,2060
"Universal","Zambia","2060-2065","15--19",6,0,4,0,2060,2065
"Universal","Zambia","2065-2070","15--19",6,0,4,0,2065,2070
"Universal","Zambia","2075-2080","15--19",6,0,4,0,2075,2080
"Universal","Zambia","2015-2020","20--24",6,64,5,0.064,2015,2020
"Universal","Zambia","2020-2025","20--24",6,55,5,0.055,2020,2025
"Universal","Zambia","2025-2030","20--24",6,49,5,0.049,2025,2030
"Universal","Zambia","2030-2035","20--24",6,44,5,0.044,2030,2035
"Universal","Zambia","2035-2040","20--24",6,41,5,0.041,2035,2040
"Universal","Zambia","2040-2045","20--24",6,38,5,0.038,2040,2045
"Universal","Zambia","2045-2050","20--24",6,35,5,0.035,2045,2050
"Universal","Zambia","2050-2055","20--24",6,33,5,0.033,2050,2055
"Universal","Zambia","2055-2060","20--24",6,31,5,0.031,2055,2060
"Universal","Zambia","2060-2065","20--24",6,29,5,0.029,2060,2065
"Universal","Zambia","2065-2070","20--24",6,28,5,0.028,2065,2070
"Universal","Zambia","2075-2080","20--24",6,25,5,0.025,2075,2080
"Universal","Zambia","2015-2020","25--29",6,144,6,0.144,2015,2020
"Universal","Zambia","2020-2025","25--29",6,137,6,0.137,2020,2025
"Universal","Zambia","2025-2030","25--29",6,127,6,0.127,2025,2030
"Universal","Zambia","2030-2035","25--29",6,122,6,0.122,2030,2035
"Universal","Zambia","2035-2040","25--29",6,123,6,0.123,2035,2040
"Universal","Zambia","2040-2045","25--29",6,120,6,0.12,2040,2045
"Universal","Zambia","2045-2050","25--29",6,116,6,0.116,2045,2050
"Universal","Zambia","2050-2055","25--29",6,111,6,0.111,2050,2055
"Universal","Zambia","2055-2060","25--29",6,107,6,0.107,2055,2060
"Universal","Zambia","2060-2065","25--29",6,103,6,0.103,2060,2065
"Universal","Zambia","2065-2070","25--29",6,99,6,0.099,2065,2070
"Universal","Zambia","2075-2080","25--29",6,93,6,0.093,2075,2080
"Universal","Zambia","2015-2020","30--34",6,134,7,0.134,2015,2020
"Universal","Zambia","2020-2025","30--34",6,125,7,0.125,2020,2025
"Universal","Zambia","2025-2030","30--34",6,114,7,0.114,2025,2030
"Universal","Zambia","2030-2035","30--34",6,108,7,0.108,2030,2035
"Universal","Zambia","2035-2040","30--34",6,106,7,0.106,2035,2040
"Universal","Zambia","2040-2045","30--34",6,105,7,0.105,2040,2045
"Universal","Zambia","2045-2050","30--34",6,100,7,0.1,2045,2050
"Universal","Zambia","2050-2055","30--34",6,95,7,0.095,2050,2055
"Universal","Zambia","2055-2060","30--34",6,90,7,0.09,2055,2060
"Universal","Zambia","2060-2065","30--34",6,87,7,0.087,2060,2065
"Universal","Zambia","2065-2070","30--34",6,84,7,0.084,2065,2070
"Universal","Zambia","2075-2080","30--34",6,81,7,0.081,2075,2080
"Universal","Zambia","2015-2020","35--39",6,104,8,0.104,2015,2020
"Universal","Zambia","2020-2025","35--39",6,89,8,0.089,2020,2025
"Universal","Zambia","2025-2030","35--39",6,81,8,0.081,2025,2030
"Universal","Zambia","2030-2035","35--39",6,77,8,0.077,2030,2035
"Universal","Zambia","2035-2040","35--39",6,67,8,0.067,2035,2040
"Universal","Zambia","2040-2045","35--39",6,57,8,0.057,2040,2045
"Universal","Zambia","2045-2050","35--39",6,52,8,0.052,2045,2050
"Universal","Zambia","2050-2055","35--39",6,48,8,0.048,2050,2055
"Universal","Zambia","2055-2060","35--39",6,45,8,0.045,2055,2060
"Universal","Zambia","2060-2065","35--39",6,42,8,0.042,2060,2065
"Universal","Zambia","2065-2070","35--39",6,40,8,0.04,2065,2070
"Universal","Zambia","2075-2080","35--39",6,38,8,0.038,2075,2080
"Universal","Zambia","2015-2020","40--44",6,59,9,0.059,2015,2020
"Universal","Zambia","2020-2025","40--44",6,49,9,0.049,2020,2025
"Universal","Zambia","2025-2030","40--44",6,45,9,0.045,2025,2030
"Universal","Zambia","2030-2035","40--44",6,40,9,0.04,2030,2035
"Universal","Zambia","2035-2040","40--44",6,32,9,0.032,2035,2040
"Universal","Zambia","2040-2045","40--44",6,28,9,0.028,2040,2045
"Universal","Zambia","2045-2050","40--44",6,25,9,0.025,2045,2050
"Universal","Zambia","2050-2055","40--44",6,22,9,0.022,2050,2055
"Universal","Zambia","2055-2060","40--44",6,20,9,0.02,2055,2060
"Universal","Zambia","2060-2065","40--44",6,18,9,0.018,2060,2065
"Universal","Zambia","2065-2070","40--44",6,16,9,0.016,2065,2070
"Universal","Zambia","2075-2080","40--44",6,14,9,0.014,2075,2080
"Universal","Zambia","2015-2020","45--49",6,15,10,0.015,2015,2020
"Universal","Zambia","2020-2025","45--49",6,12,10,0.012,2020,2025
"Universal","Zambia","2025-2030","45--49",6,11,10,0.011,2025,2030
"Universal","Zambia","2030-2035","45--49",6,8,10,0.008,2030,2035
"Universal","Zambia","2035-2040","45--49",6,7,10,0.007,2035,2040
"Universal","Zambia","2040-2045","45--49",6,6,10,0.006,2040,2045
"Universal","Zambia","2045-2050","45--49",6,5,10,0.005,2045,2050
"Universal","Zambia","2050-2055","45--49",6,4,10,0.004,2050,2055
"Universal","Zambia","2055-2060","45--49",6,4,10,0.004,2055,2060
"Universal","Zambia","2060-2065","45--49",6,3,10,0.003,2060,2065
"Universal","Zambia","2065-2070","45--49",6,3,10,0.003,2065,2070
"Universal","Zambia","2075-2080","45--49",6,1,10,0.001,2075,2080
