"scenario","area","year","age_x","sex","age_group","t_1","t_2","t_3","t_4","t_5","t_6","age_y","tplus5_1","tplus5_2","tplus5_3","tplus5_4","tplus5_5","tplus5_6","year_tplus5","age_tplus5","pe6","pe5","pe4"
"SSP2","Zambia",2015,"15--19",1,4,0.059,0.217,0.279,0.349,0.096,0,"15--19",0.043,0.151,0.226,0.435,0.145,0,2020,5,0,0.140401146131805,0.483870967741936
"SSP2","Zambia",2020,"15--19",1,4,0.043,0.151,0.226,0.435,0.145,0,"15--19",0.028,0.085,0.174,0.521,0.193,0,2025,5,0,0.110344827586207,0.592920353982301
"SSP2","Zambia",2025,"15--19",1,4,0.028,0.085,0.174,0.521,0.193,0,"15--19",0.021,0.065,0.161,0.543,0.21,0,2030,5,0,0.0326295585412668,0.224137931034482
"SSP2","Zambia",2030,"15--19",1,4,0.021,0.065,0.161,0.543,0.21,0,"15--19",0.015,0.05,0.146,0.561,0.228,0,2035,5,0,0.0331491712707183,0.223602484472051
"SSP2","Zambia",2035,"15--19",1,4,0.015,0.05,0.146,0.561,0.228,0,"15--19",0.01,0.039,0.127,0.575,0.249,0,2040,5,0,0.0374331550802139,0.239726027397259
"SSP2","Zambia",2040,"15--19",1,4,0.01,0.039,0.127,0.575,0.249,0,"15--19",0.008,0.028,0.111,0.588,0.265,0,2045,5,0,0.0278260869565218,0.228346456692914
"SSP2","Zambia",2045,"15--19",1,4,0.008,0.028,0.111,0.588,0.265,0,"15--19",0.005,0.021,0.095,0.601,0.278,0,2050,5,0,0.022108843537415,0.234234234234234
"SSP2","Zambia",2050,"15--19",1,4,0.005,0.021,0.095,0.601,0.278,0,"15--19",0.003,0.015,0.081,0.606,0.295,0,2055,5,0,0.0282861896838602,0.231578947368421
"SSP2","Zambia",2055,"15--19",1,4,0.003,0.015,0.081,0.606,0.295,0,"15--19",0.002,0.011,0.066,0.613,0.308,0,2060,5,0,0.0214521452145215,0.246913580246914
"SSP2","Zambia",2060,"15--19",1,4,0.002,0.011,0.066,0.613,0.308,0,"15--19",0.001,0.007,0.052,0.617,0.323,0,2065,5,0,0.0244698205546492,0.287878787878786
"SSP2","Zambia",2065,"15--19",1,4,0.001,0.007,0.052,0.617,0.323,0,"15--19",0.001,0.005,0.042,0.616,0.336,0,2070,5,0,0.0210696920583469,0.230769230769233
"SSP2","Zambia",2070,"15--19",1,4,0.001,0.005,0.042,0.616,0.336,0,"15--19",0.001,0.003,0.033,0.616,0.347,0,2075,5,0,0.0178571428571429,0.261904761904762
"SSP2","Zambia",2015,"20--24",1,5,0.075,0.141,0.213,0.255,0.232,0.085,"20--24",0.056,0.12,0.203,0.241,0.264,0.116,2020,6,0.133620689655172,0.247058823529412,0.230046948356808
"SSP2","Zambia",2020,"20--24",1,5,0.056,0.12,0.203,0.241,0.264,0.116,"20--24",0.037,0.1,0.192,0.228,0.297,0.147,2025,6,0.117424242424242,0.265560165975104,0.251231527093596
"SSP2","Zambia",2025,"20--24",1,5,0.037,0.1,0.192,0.228,0.297,0.147,"20--24",0.028,0.085,0.174,0.231,0.323,0.16,2030,6,0.0437710437710438,0.171052631578947,0.21875
"SSP2","Zambia",2030,"20--24",1,5,0.028,0.085,0.174,0.231,0.323,0.16,"20--24",0.021,0.065,0.161,0.229,0.352,0.172,2035,6,0.0371517027863777,0.177489177489178,0.224137931034483
"SSP2","Zambia",2035,"20--24",1,5,0.021,0.065,0.161,0.229,0.352,0.172,"20--24",0.015,0.05,0.146,0.219,0.383,0.187,2040,6,0.0426136363636364,0.200873362445415,0.223602484472049
"SSP2","Zambia",2040,"20--24",1,5,0.015,0.05,0.146,0.219,0.383,0.187,"20--24",0.01,0.039,0.127,0.201,0.422,0.201,2045,6,0.0365535248041776,0.242009132420092,0.239726027397261
"SSP2","Zambia",2045,"20--24",1,5,0.01,0.039,0.127,0.201,0.422,0.201,"20--24",0.008,0.028,0.111,0.191,0.446,0.217,2050,6,0.0379146919431279,0.199004975124378,0.236220472440944
"SSP2","Zambia",2050,"20--24",1,5,0.008,0.028,0.111,0.191,0.446,0.217,"20--24",0.005,0.021,0.095,0.183,0.463,0.233,2055,6,0.0358744394618834,0.172774869109947,0.225225225225225
"SSP2","Zambia",2055,"20--24",1,5,0.005,0.021,0.095,0.183,0.463,0.233,"20--24",0.003,0.015,0.081,0.163,0.489,0.25,2060,6,0.0367170626349892,0.234972677595629,0.242105263157895
"SSP2","Zambia",2060,"20--24",1,5,0.003,0.015,0.081,0.163,0.489,0.25,"20--24",0.002,0.011,0.066,0.152,0.506,0.263,2065,6,0.0265848670756646,0.184049079754601,0.234567901234568
"SSP2","Zambia",2065,"20--24",1,5,0.002,0.011,0.066,0.152,0.506,0.263,"20--24",0.001,0.007,0.052,0.131,0.528,0.281,2070,6,0.0355731225296443,0.263157894736842,0.287878787878789
"SSP2","Zambia",2070,"20--24",1,5,0.001,0.007,0.052,0.131,0.528,0.281,"20--24",0.001,0.005,0.042,0.111,0.545,0.296,2075,6,0.0284090909090909,0.244274809160306,0.230769230769231
"SSP2","Zambia",2015,"25--29",1,6,0.088,0.151,0.204,0.216,0.192,0.149,"25--29",0.067,0.133,0.203,0.224,0.198,0.174,2020,7,0.130208333333333,0.143518518518518,0.191176470588235
"SSP2","Zambia",2020,"25--29",1,6,0.067,0.133,0.203,0.224,0.198,0.174,"25--29",0.046,0.117,0.205,0.231,0.203,0.199,2025,7,0.126262626262626,0.133928571428571,0.182266009852217
"SSP2","Zambia",2025,"25--29",1,6,0.046,0.117,0.205,0.231,0.203,0.199,"25--29",0.037,0.1,0.191,0.227,0.235,0.21,2030,7,0.0541871921182266,0.186147186147186,0.190243902439024
"SSP2","Zambia",2030,"25--29",1,6,0.037,0.1,0.191,0.227,0.235,0.21,"25--29",0.028,0.085,0.174,0.231,0.255,0.228,2035,7,0.0765957446808511,0.167400881057269,0.219895287958116
"SSP2","Zambia",2035,"25--29",1,6,0.028,0.085,0.174,0.231,0.255,0.228,"25--29",0.021,0.065,0.161,0.229,0.28,0.245,2040,7,0.0666666666666666,0.181818181818182,0.229885057471264
"SSP2","Zambia",2040,"25--29",1,6,0.021,0.065,0.161,0.229,0.28,0.245,"25--29",0.015,0.05,0.146,0.219,0.303,0.267,2045,7,0.0785714285714286,0.196506550218341,0.217391304347826
"SSP2","Zambia",2045,"25--29",1,6,0.015,0.05,0.146,0.219,0.303,0.267,"25--29",0.01,0.039,0.127,0.201,0.336,0.287,2050,7,0.0660066006600659,0.242009132420091,0.239726027397261
"SSP2","Zambia",2050,"25--29",1,6,0.01,0.039,0.127,0.201,0.336,0.287,"25--29",0.008,0.028,0.111,0.191,0.353,0.309,2055,7,0.0654761904761905,0.194029850746269,0.228346456692913
"SSP2","Zambia",2055,"25--29",1,6,0.008,0.028,0.111,0.191,0.353,0.309,"25--29",0.005,0.021,0.095,0.183,0.363,0.334,2060,7,0.0708215297450424,0.183246073298429,0.243243243243243
"SSP2","Zambia",2060,"25--29",1,6,0.005,0.021,0.095,0.183,0.363,0.334,"25--29",0.003,0.015,0.081,0.163,0.382,0.357,2065,7,0.0633608815426999,0.229508196721312,0.231578947368422
"SSP2","Zambia",2065,"25--29",1,6,0.003,0.015,0.081,0.163,0.382,0.357,"25--29",0.002,0.011,0.066,0.152,0.394,0.376,2070,7,0.0497382198952879,0.190184049079754,0.246913580246912
"SSP2","Zambia",2070,"25--29",1,6,0.002,0.011,0.066,0.152,0.394,0.376,"25--29",0.001,0.007,0.052,0.131,0.408,0.401,2075,7,0.0634517766497463,0.256578947368421,0.272727272727273
"SSP2","Zambia",2015,"15--19",2,4,0.072,0.205,0.279,0.35,0.094,0,"15--19",0.048,0.148,0.233,0.438,0.133,0,2020,5,0,0.111428571428571,0.455197132616487
"SSP2","Zambia",2020,"15--19",2,4,0.048,0.148,0.233,0.438,0.133,0,"15--19",0.024,0.091,0.188,0.526,0.171,0,2025,5,0,0.0867579908675799,0.540772532188842
"SSP2","Zambia",2025,"15--19",2,4,0.024,0.091,0.188,0.526,0.171,0,"15--19",0.016,0.067,0.17,0.558,0.189,0,2030,5,0,0.0342205323193916,0.26595744680851
"SSP2","Zambia",2030,"15--19",2,4,0.016,0.067,0.17,0.558,0.189,0,"15--19",0.011,0.05,0.152,0.579,0.208,0,2035,5,0,0.0340501792114696,0.235294117647059
"SSP2","Zambia",2035,"15--19",2,4,0.011,0.05,0.152,0.579,0.208,0,"15--19",0.007,0.035,0.13,0.599,0.229,0,2040,5,0,0.0362694300518134,0.269736842105263
"SSP2","Zambia",2040,"15--19",2,4,0.007,0.035,0.13,0.599,0.229,0,"15--19",0.004,0.024,0.105,0.616,0.251,0,2045,5,0,0.0367278797996661,0.3
"SSP2","Zambia",2045,"15--19",2,4,0.004,0.024,0.105,0.616,0.251,0,"15--19",0.003,0.017,0.092,0.618,0.27,0,2050,5,0,0.0308441558441559,0.2
"SSP2","Zambia",2050,"15--19",2,4,0.003,0.017,0.092,0.618,0.27,0,"15--19",0.002,0.011,0.073,0.626,0.288,0,2055,5,0,0.029126213592233,0.282608695652174
"SSP2","Zambia",2055,"15--19",2,4,0.002,0.011,0.073,0.626,0.288,0,"15--19",0.001,0.007,0.055,0.634,0.303,0,2060,5,0,0.023961661341853,0.315068493150684
"SSP2","Zambia",2060,"15--19",2,4,0.001,0.007,0.055,0.634,0.303,0,"15--19",0.001,0.004,0.041,0.634,0.32,0,2065,5,0,0.026813880126183,0.309090909090909
"SSP2","Zambia",2065,"15--19",2,4,0.001,0.004,0.041,0.634,0.32,0,"15--19",0,0.002,0.03,0.636,0.332,0,2070,5,0,0.0189274447949527,0.341463414634147
"SSP2","Zambia",2070,"15--19",2,4,0,0.002,0.03,0.636,0.332,0,"15--19",0,0.001,0.022,0.632,0.345,0,2075,5,0,0.020440251572327,0.3
"SSP2","Zambia",2015,"20--24",2,5,0.096,0.207,0.214,0.224,0.182,0.076,"20--24",0.072,0.154,0.211,0.242,0.22,0.1,2020,6,0.131868131868132,0.276785714285714,0.373831775700935
"SSP2","Zambia",2020,"20--24",2,5,0.072,0.154,0.211,0.242,0.22,0.1,"20--24",0.035,0.113,0.209,0.261,0.258,0.124,2025,6,0.109090909090909,0.256198347107438,0.383886255924171
"SSP2","Zambia",2025,"20--24",2,5,0.035,0.113,0.209,0.261,0.258,0.124,"20--24",0.024,0.091,0.188,0.269,0.294,0.134,2030,6,0.0387596899224807,0.176245210727969,0.258373205741626
"SSP2","Zambia",2030,"20--24",2,5,0.024,0.091,0.188,0.269,0.294,0.134,"20--24",0.016,0.067,0.17,0.275,0.324,0.148,2035,6,0.0476190476190477,0.163568773234201,0.265957446808511
"SSP2","Zambia",2035,"20--24",2,5,0.016,0.067,0.17,0.275,0.324,0.148,"20--24",0.011,0.05,0.152,0.268,0.358,0.162,2040,6,0.0432098765432098,0.174545454545454,0.241176470588235
"SSP2","Zambia",2040,"20--24",2,5,0.011,0.05,0.152,0.268,0.358,0.162,"20--24",0.007,0.035,0.13,0.255,0.398,0.175,2045,6,0.0363128491620111,0.197761194029851,0.263157894736842
"SSP2","Zambia",2045,"20--24",2,5,0.007,0.035,0.13,0.255,0.398,0.175,"20--24",0.004,0.024,0.105,0.24,0.434,0.193,2050,6,0.0452261306532664,0.211764705882353,0.3
"SSP2","Zambia",2050,"20--24",2,5,0.004,0.024,0.105,0.24,0.434,0.193,"20--24",0.003,0.017,0.092,0.214,0.467,0.208,2055,6,0.0345622119815669,0.2,0.20952380952381
"SSP2","Zambia",2055,"20--24",2,5,0.003,0.017,0.092,0.214,0.467,0.208,"20--24",0.002,0.011,0.073,0.195,0.493,0.226,2060,6,0.0385438972162741,0.205607476635514,0.271739130434782
"SSP2","Zambia",2060,"20--24",2,5,0.002,0.011,0.073,0.195,0.493,0.226,"20--24",0.001,0.007,0.055,0.179,0.516,0.241,2065,6,0.0304259634888438,0.194871794871795,0.301369863013699
"SSP2","Zambia",2065,"20--24",2,5,0.001,0.007,0.055,0.179,0.516,0.241,"20--24",0.001,0.004,0.041,0.155,0.538,0.261,2070,6,0.0387596899224806,0.234636871508379,0.327272727272725
"SSP2","Zambia",2070,"20--24",2,5,0.001,0.004,0.041,0.155,0.538,0.261,"20--24",0,0.002,0.03,0.137,0.551,0.279,2075,6,0.0334572490706319,0.2,0.317073170731708
"SSP2","Zambia",2015,"25--29",2,6,0.137,0.217,0.208,0.192,0.127,0.118,"25--29",0.094,0.179,0.21,0.224,0.151,0.141,2020,7,0.181102362204724,0.244791666666667,0.379807692307692
"SSP2","Zambia",2020,"25--29",2,6,0.094,0.179,0.21,0.224,0.151,0.141,"25--29",0.05,0.143,0.213,0.256,0.175,0.163,2025,7,0.145695364238411,0.205357142857143,0.371428571428572
"SSP2","Zambia",2025,"25--29",2,6,0.05,0.143,0.213,0.256,0.175,0.163,"25--29",0.035,0.113,0.208,0.26,0.205,0.178,2030,7,0.0857142857142858,0.17578125,0.230046948356808
"SSP2","Zambia",2030,"25--29",2,6,0.035,0.113,0.208,0.26,0.205,0.178,"25--29",0.024,0.091,0.187,0.268,0.237,0.193,2035,7,0.073170731707317,0.180769230769231,0.264423076923077
"SSP2","Zambia",2035,"25--29",2,6,0.024,0.091,0.187,0.268,0.237,0.193,"25--29",0.016,0.067,0.169,0.274,0.261,0.213,2040,7,0.0843881856540084,0.164179104477612,0.267379679144385
"SSP2","Zambia",2040,"25--29",2,6,0.016,0.067,0.169,0.274,0.261,0.213,"25--29",0.011,0.05,0.151,0.268,0.288,0.232,2045,7,0.0727969348659003,0.167883211678832,0.236686390532545
"SSP2","Zambia",2045,"25--29",2,6,0.011,0.05,0.151,0.268,0.288,0.232,"25--29",0.007,0.035,0.13,0.255,0.323,0.251,2050,7,0.0659722222222223,0.201492537313433,0.271523178807947
"SSP2","Zambia",2050,"25--29",2,6,0.007,0.035,0.13,0.255,0.323,0.251,"25--29",0.004,0.024,0.105,0.24,0.351,0.276,2055,7,0.0773993808049536,0.207843137254902,0.292307692307693
"SSP2","Zambia",2055,"25--29",2,6,0.004,0.024,0.105,0.24,0.351,0.276,"25--29",0.003,0.017,0.092,0.213,0.377,0.298,2060,7,0.0626780626780626,0.2,0.199999999999999
"SSP2","Zambia",2060,"25--29",2,6,0.003,0.017,0.092,0.213,0.377,0.298,"25--29",0.002,0.011,0.073,0.195,0.397,0.323,2065,7,0.06631299734748,0.211267605633803,0.293478260869565
"SSP2","Zambia",2065,"25--29",2,6,0.002,0.011,0.073,0.195,0.397,0.323,"25--29",0.001,0.007,0.055,0.179,0.413,0.346,2070,7,0.0579345088161211,0.2,0.315068493150685
"SSP2","Zambia",2070,"25--29",2,6,0.001,0.007,0.055,0.179,0.413,0.346,"25--29",0.001,0.004,0.041,0.155,0.426,0.373,2075,7,0.0653753026634382,0.223463687150838,0.290909090909091
"SSP1","Zambia",2015,"15--19",1,4,0.059,0.217,0.279,0.349,0.096,0,"15--19",0.027,0.098,0.12,0.491,0.264,0,2020,5,0,0.481375358166189,1.11111111111111
"SSP1","Zambia",2020,"15--19",1,4,0.027,0.098,0.12,0.491,0.264,0,"15--19",0.004,0.005,0.014,0.605,0.372,0,2025,5,0,0.219959266802444,1.85
"SSP1","Zambia",2025,"15--19",1,4,0.004,0.005,0.014,0.605,0.372,0,"15--19",0.001,0.001,0.004,0.603,0.391,0,2030,5,0,0.0314049586776859,1.21428571428572
"SSP1","Zambia",2030,"15--19",1,4,0.001,0.001,0.004,0.603,0.391,0,"15--19",0,0,0.001,0.602,0.397,0,2035,5,0,0.00995024875621891,1.25
"SSP1","Zambia",2035,"15--19",1,4,0,0,0.001,0.602,0.397,0,"15--19",0,0,0.001,0.6,0.4,0,2040,5,0,0.00498338870431894,1
"SSP1","Zambia",2040,"15--19",1,4,0,0,0.001,0.6,0.4,0,"15--19",0,0,0.001,0.6,0.4,0,2045,5,0,0,0
"SSP1","Zambia",2045,"15--19",1,4,0,0,0.001,0.6,0.4,0,"15--19",0,0,0.001,0.6,0.4,0,2050,5,0,0,0
"SSP1","Zambia",2050,"15--19",1,4,0,0,0.001,0.6,0.4,0,"15--19",0,0,0.001,0.6,0.4,0,2055,5,0,0,0
"SSP1","Zambia",2055,"15--19",1,4,0,0,0.001,0.6,0.4,0,"15--19",0,0,0.001,0.6,0.4,0,2060,5,0,0,0
"SSP1","Zambia",2060,"15--19",1,4,0,0,0.001,0.6,0.4,0,"15--19",0,0,0.001,0.6,0.4,0,2065,5,0,0,0
"SSP1","Zambia",2065,"15--19",1,4,0,0,0.001,0.6,0.4,0,"15--19",0,0,0.001,0.6,0.4,0,2070,5,0,0,0
"SSP1","Zambia",2070,"15--19",1,4,0,0,0.001,0.6,0.4,0,"15--19",0,0,0.001,0.6,0.4,0,2075,5,0,0,0
"SSP1","Zambia",2015,"20--24",1,5,0.075,0.141,0.213,0.255,0.232,0.085,"20--24",0.043,0.064,0.098,0.15,0.426,0.219,2020,6,0.577586206896552,1.28627450980392,1.04694835680751
"SSP1","Zambia",2020,"20--24",1,5,0.043,0.064,0.098,0.15,0.426,0.219,"20--24",0.018,0.015,0.035,0.091,0.54,0.301,2025,6,0.192488262910798,1.30666666666667,1.39795918367347
"SSP1","Zambia",2025,"20--24",1,5,0.018,0.015,0.035,0.091,0.54,0.301,"20--24",0.004,0.005,0.014,0.047,0.564,0.367,2030,6,0.122222222222222,0.989010989010989,1.31428571428571
"SSP1","Zambia",2030,"20--24",1,5,0.004,0.005,0.014,0.047,0.564,0.367,"20--24",0.001,0.001,0.004,0.017,0.548,0.429,2035,6,0.109929078014184,0.978723404255318,1.14285714285714
"SSP1","Zambia",2035,"20--24",1,5,0.001,0.001,0.004,0.017,0.548,0.429,"20--24",0,0,0.001,0.005,0.515,0.479,2040,6,0.0912408759124087,1,1.25000000000002
"SSP1","Zambia",2040,"20--24",1,5,0,0,0.001,0.005,0.515,0.479,"20--24",0,0,0.001,0.001,0.474,0.525,2045,6,0.0893203883495146,1,1
"SSP1","Zambia",2045,"20--24",1,5,0,0,0.001,0.001,0.474,0.525,"20--24",0,0,0.001,0.001,0.439,0.561,2050,6,0.0759493670886077,1.00000000000006,1.00000000000006
"SSP1","Zambia",2050,"20--24",1,5,0,0,0.001,0.001,0.439,0.561,"20--24",0,0,0.001,0.001,0.413,0.587,2055,6,0.0592255125284739,0,0
"SSP1","Zambia",2055,"20--24",1,5,0,0,0.001,0.001,0.413,0.587,"20--24",0,0,0.001,0.001,0.394,0.606,2060,6,0.0460048426150119,0,0
"SSP1","Zambia",2060,"20--24",1,5,0,0,0.001,0.001,0.394,0.606,"20--24",0,0,0.001,0.001,0.383,0.617,2065,6,0.0279187817258884,0,0
"SSP1","Zambia",2065,"20--24",1,5,0,0,0.001,0.001,0.383,0.617,"20--24",0,0,0.001,0.001,0.377,0.623,2070,6,0.0156657963446475,5.55111512312578e-14,5.55111512312578e-14
"SSP1","Zambia",2070,"20--24",1,5,0,0,0.001,0.001,0.377,0.623,"20--24",0,0,0.001,0.001,0.373,0.627,2075,6,0.0106100795755968,0,0
"SSP1","Zambia",2015,"25--29",1,6,0.088,0.151,0.204,0.216,0.192,0.149,"25--29",0.068,0.088,0.114,0.171,0.288,0.273,2020,7,0.645833333333333,1.01851851851852,0.857843137254902
"SSP1","Zambia",2020,"25--29",1,6,0.068,0.088,0.114,0.171,0.288,0.273,"25--29",0.043,0.052,0.069,0.152,0.338,0.347,2025,7,0.256944444444444,0.725146198830409,0.921052631578947
"SSP1","Zambia",2025,"25--29",1,6,0.043,0.052,0.069,0.152,0.338,0.347,"25--29",0.018,0.015,0.035,0.091,0.41,0.431,2030,7,0.248520710059172,1.02631578947368,1.3768115942029
"SSP1","Zambia",2030,"25--29",1,6,0.018,0.015,0.035,0.091,0.41,0.431,"25--29",0.004,0.005,0.014,0.047,0.407,0.523,2035,7,0.224390243902439,0.978021978021979,1.28571428571429
"SSP1","Zambia",2035,"25--29",1,6,0.004,0.005,0.014,0.047,0.407,0.523,"25--29",0.001,0.001,0.004,0.017,0.364,0.613,2040,7,0.221130221130221,0.999999999999999,1.21428571428571
"SSP1","Zambia",2040,"25--29",1,6,0.001,0.001,0.004,0.017,0.364,0.613,"25--29",0,0,0.001,0.005,0.31,0.684,2045,7,0.195054945054945,1,1.25000000000002
"SSP1","Zambia",2045,"25--29",1,6,0,0,0.001,0.005,0.31,0.684,"25--29",0,0,0.001,0.001,0.25,0.749,2050,7,0.209677419354839,1.00000000000001,1.00000000000006
"SSP1","Zambia",2050,"25--29",1,6,0,0,0.001,0.001,0.25,0.749,"25--29",0,0,0.001,0.001,0.198,0.802,2055,7,0.212,0.999999999999945,0.999999999999945
"SSP1","Zambia",2055,"25--29",1,6,0,0,0.001,0.001,0.198,0.802,"25--29",0,0,0.001,0.001,0.161,0.839,2060,7,0.186868686868687,2.77555756156289e-14,2.77555756156289e-14
"SSP1","Zambia",2060,"25--29",1,6,0,0,0.001,0.001,0.161,0.839,"25--29",0,0,0.001,0.001,0.134,0.866,2065,7,0.167701863354037,0,0
"SSP1","Zambia",2065,"25--29",1,6,0,0,0.001,0.001,0.134,0.866,"25--29",0,0,0.001,0.001,0.119,0.881,2070,7,0.111940298507462,0,0
"SSP1","Zambia",2070,"25--29",1,6,0,0,0.001,0.001,0.119,0.881,"25--29",0,0,0.001,0.001,0.111,0.889,2075,7,0.0672268907563035,1.11022302462516e-13,1.11022302462516e-13
"SSP1","Zambia",2015,"15--19",2,4,0.072,0.205,0.279,0.35,0.094,0,"15--19",0.034,0.089,0.113,0.494,0.27,0,2020,5,0,0.502857142857143,1.14695340501792
"SSP1","Zambia",2020,"15--19",2,4,0.034,0.089,0.113,0.494,0.27,0,"15--19",0.003,0.003,0.008,0.61,0.376,0,2025,5,0,0.214574898785425,1.9646017699115
"SSP1","Zambia",2025,"15--19",2,4,0.003,0.003,0.008,0.61,0.376,0,"15--19",0,0.001,0.002,0.603,0.394,0,2030,5,0,0.0295081967213114,1.375
"SSP1","Zambia",2030,"15--19",2,4,0,0.001,0.002,0.603,0.394,0,"15--19",0,0,0.001,0.601,0.399,0,2035,5,0,0.00829187396351576,1.5
"SSP1","Zambia",2035,"15--19",2,4,0,0,0.001,0.601,0.399,0,"15--19",0,0,0.001,0.6,0.4,0,2040,5,0,0.0016638935108154,1.11022302462516e-13
"SSP1","Zambia",2040,"15--19",2,4,0,0,0.001,0.6,0.4,0,"15--19",0,0,0.001,0.6,0.4,0,2045,5,0,0,0
"SSP1","Zambia",2045,"15--19",2,4,0,0,0.001,0.6,0.4,0,"15--19",0,0,0.001,0.6,0.4,0,2050,5,0,0,0
"SSP1","Zambia",2050,"15--19",2,4,0,0,0.001,0.6,0.4,0,"15--19",0,0,0.001,0.6,0.4,0,2055,5,0,0,0
"SSP1","Zambia",2055,"15--19",2,4,0,0,0.001,0.6,0.4,0,"15--19",0,0,0.001,0.6,0.4,0,2060,5,0,0,0
"SSP1","Zambia",2060,"15--19",2,4,0,0,0.001,0.6,0.4,0,"15--19",0,0,0.001,0.6,0.4,0,2065,5,0,0,0
"SSP1","Zambia",2065,"15--19",2,4,0,0,0.001,0.6,0.4,0,"15--19",0,0,0.001,0.6,0.4,0,2070,5,0,0,0
"SSP1","Zambia",2070,"15--19",2,4,0,0,0.001,0.6,0.4,0,"15--19",0,0,0.001,0.6,0.4,0,2075,5,0,0,0
"SSP1","Zambia",2015,"20--24",2,5,0.096,0.207,0.214,0.224,0.182,0.076,"20--24",0.061,0.084,0.088,0.147,0.4,0.22,2020,6,0.791208791208791,1.61607142857143,1.33177570093458
"SSP1","Zambia",2020,"20--24",2,5,0.061,0.084,0.088,0.147,0.4,0.22,"20--24",0.015,0.012,0.024,0.117,0.528,0.304,2025,6,0.21,1.4421768707483,2.06818181818182
"SSP1","Zambia",2025,"20--24",2,5,0.015,0.012,0.024,0.117,0.528,0.304,"20--24",0.003,0.003,0.008,0.045,0.566,0.375,2030,6,0.134469696969697,0.931623931623932,1.54166666666667
"SSP1","Zambia",2030,"20--24",2,5,0.003,0.003,0.008,0.045,0.566,0.375,"20--24",0,0.001,0.002,0.014,0.539,0.444,2035,6,0.121908127208481,0.933333333333333,1.375
"SSP1","Zambia",2035,"20--24",2,5,0,0.001,0.002,0.014,0.539,0.444,"20--24",0,0,0.001,0.003,0.502,0.495,2040,6,0.0946196660482374,0.999999999999997,1.49999999999998
"SSP1","Zambia",2040,"20--24",2,5,0,0,0.001,0.003,0.502,0.495,"20--24",0,0,0.001,0.001,0.455,0.545,2045,6,0.0996015936254981,1.00000000000002,1.00000000000006
"SSP1","Zambia",2045,"20--24",2,5,0,0,0.001,0.001,0.455,0.545,"20--24",0,0,0.001,0.001,0.421,0.579,2050,6,0.0747252747252745,0,0
"SSP1","Zambia",2050,"20--24",2,5,0,0,0.001,0.001,0.421,0.579,"20--24",0,0,0.001,0.001,0.397,0.603,2055,6,0.0570071258907364,0,0
"SSP1","Zambia",2055,"20--24",2,5,0,0,0.001,0.001,0.397,0.603,"20--24",0,0,0.001,0.001,0.384,0.616,2060,6,0.0327455919395466,0,0
"SSP1","Zambia",2060,"20--24",2,5,0,0,0.001,0.001,0.384,0.616,"20--24",0,0,0.001,0.001,0.376,0.624,2065,6,0.0208333333333334,0,0
"SSP1","Zambia",2065,"20--24",2,5,0,0,0.001,0.001,0.376,0.624,"20--24",0,0,0.001,0.001,0.373,0.627,2070,6,0.00797872340425533,0,0
"SSP1","Zambia",2070,"20--24",2,5,0,0,0.001,0.001,0.373,0.627,"20--24",0,0,0.001,0.001,0.371,0.629,2075,6,0.00536193029490617,0,0
"SSP1","Zambia",2015,"25--29",2,6,0.137,0.217,0.208,0.192,0.127,0.118,"25--29",0.096,0.116,0.1,0.18,0.251,0.257,2020,7,1.09448818897638,1.36979166666667,1.20673076923077
"SSP1","Zambia",2020,"25--29",2,6,0.096,0.116,0.1,0.18,0.251,0.257,"25--29",0.061,0.042,0.047,0.19,0.324,0.336,2025,7,0.314741035856574,0.844444444444445,1.62
"SSP1","Zambia",2025,"25--29",2,6,0.061,0.042,0.047,0.19,0.324,0.336,"25--29",0.015,0.012,0.024,0.117,0.398,0.434,2030,7,0.302469135802469,0.905263157894736,2.1063829787234
"SSP1","Zambia",2030,"25--29",2,6,0.015,0.012,0.024,0.117,0.398,0.434,"25--29",0.003,0.003,0.008,0.045,0.406,0.535,2035,7,0.253768844221106,0.931623931623933,1.54166666666667
"SSP1","Zambia",2035,"25--29",2,6,0.003,0.003,0.008,0.045,0.406,0.535,"25--29",0,0.001,0.002,0.014,0.348,0.635,2040,7,0.246305418719212,0.933333333333332,1.37499999999999
"SSP1","Zambia",2040,"25--29",2,6,0,0.001,0.002,0.014,0.348,0.635,"25--29",0,0,0.001,0.003,0.29,0.707,2045,7,0.206896551724138,1,1.50000000000003
"SSP1","Zambia",2045,"25--29",2,6,0,0,0.001,0.003,0.29,0.707,"25--29",0,0,0.001,0.001,0.222,0.778,2050,7,0.244827586206896,0.999999999999992,0.999999999999975
"SSP1","Zambia",2050,"25--29",2,6,0,0,0.001,0.001,0.222,0.778,"25--29",0,0,0.001,0.001,0.173,0.827,2055,7,0.220720720720721,5.55111512312578e-14,5.55111512312578e-14
"SSP1","Zambia",2055,"25--29",2,6,0,0,0.001,0.001,0.173,0.827,"25--29",0,0,0.001,0.001,0.139,0.861,2060,7,0.196531791907514,0,0
"SSP1","Zambia",2060,"25--29",2,6,0,0,0.001,0.001,0.139,0.861,"25--29",0,0,0.001,0.001,0.119,0.881,2065,7,0.14388489208633,0,0
"SSP1","Zambia",2065,"25--29",2,6,0,0,0.001,0.001,0.119,0.881,"25--29",0,0,0.001,0.001,0.109,0.891,2070,7,0.0840336134453782,0,0
"SSP1","Zambia",2070,"25--29",2,6,0,0,0.001,0.001,0.109,0.891,"25--29",0,0,0.001,0.001,0.104,0.896,2075,7,0.0458715596330276,1.38777878078145e-14,1.38777878078145e-14
"SSP3","Zambia",2015,"15--19",1,4,0.059,0.217,0.279,0.349,0.096,0,"15--19",0.059,0.217,0.279,0.349,0.096,0,2020,5,0,0,0
"SSP3","Zambia",2020,"15--19",1,4,0.059,0.217,0.279,0.349,0.096,0,"15--19",0.059,0.217,0.279,0.349,0.096,0,2025,5,0,0,0
"SSP3","Zambia",2025,"15--19",1,4,0.059,0.217,0.279,0.349,0.096,0,"15--19",0.059,0.217,0.279,0.349,0.096,0,2030,5,0,0,0
"SSP3","Zambia",2030,"15--19",1,4,0.059,0.217,0.279,0.349,0.096,0,"15--19",0.059,0.217,0.279,0.349,0.096,0,2035,5,0,0,0
"SSP3","Zambia",2035,"15--19",1,4,0.059,0.217,0.279,0.349,0.096,0,"15--19",0.059,0.217,0.279,0.349,0.096,0,2040,5,0,0,0
"SSP3","Zambia",2040,"15--19",1,4,0.059,0.217,0.279,0.349,0.096,0,"15--19",0.059,0.217,0.279,0.349,0.096,0,2045,5,0,0,0
"SSP3","Zambia",2045,"15--19",1,4,0.059,0.217,0.279,0.349,0.096,0,"15--19",0.059,0.217,0.279,0.349,0.096,0,2050,5,0,0,0
"SSP3","Zambia",2050,"15--19",1,4,0.059,0.217,0.279,0.349,0.096,0,"15--19",0.059,0.217,0.279,0.349,0.096,0,2055,5,0,0,0
"SSP3","Zambia",2055,"15--19",1,4,0.059,0.217,0.279,0.349,0.096,0,"15--19",0.059,0.217,0.279,0.349,0.096,0,2060,5,0,0,0
"SSP3","Zambia",2060,"15--19",1,4,0.059,0.217,0.279,0.349,0.096,0,"15--19",0.059,0.217,0.279,0.349,0.096,0,2065,5,0,0,0
"SSP3","Zambia",2065,"15--19",1,4,0.059,0.217,0.279,0.349,0.096,0,"15--19",0.059,0.217,0.279,0.349,0.096,0,2070,5,0,0,0
"SSP3","Zambia",2070,"15--19",1,4,0.059,0.217,0.279,0.349,0.096,0,"15--19",0.059,0.217,0.279,0.349,0.096,0,2075,5,0,0,0
"SSP3","Zambia",2015,"20--24",1,5,0.075,0.141,0.213,0.255,0.232,0.085,"20--24",0.059,0.143,0.216,0.259,0.236,0.086,2020,6,0.00431034482758615,0.019607843137255,0.0422535211267607
"SSP3","Zambia",2020,"20--24",1,5,0.059,0.143,0.216,0.259,0.236,0.086,"20--24",0.059,0.143,0.216,0.259,0.236,0.086,2025,6,0,0,0
"SSP3","Zambia",2025,"20--24",1,5,0.059,0.143,0.216,0.259,0.236,0.086,"20--24",0.059,0.143,0.216,0.259,0.236,0.086,2030,6,0,0,0
"SSP3","Zambia",2030,"20--24",1,5,0.059,0.143,0.216,0.259,0.236,0.086,"20--24",0.059,0.143,0.216,0.259,0.236,0.086,2035,6,0,0,0
"SSP3","Zambia",2035,"20--24",1,5,0.059,0.143,0.216,0.259,0.236,0.086,"20--24",0.059,0.143,0.216,0.259,0.236,0.086,2040,6,0,0,0
"SSP3","Zambia",2040,"20--24",1,5,0.059,0.143,0.216,0.259,0.236,0.086,"20--24",0.059,0.143,0.216,0.259,0.236,0.086,2045,6,0,0,0
"SSP3","Zambia",2045,"20--24",1,5,0.059,0.143,0.216,0.259,0.236,0.086,"20--24",0.059,0.143,0.216,0.259,0.236,0.086,2050,6,0,0,0
"SSP3","Zambia",2050,"20--24",1,5,0.059,0.143,0.216,0.259,0.236,0.086,"20--24",0.059,0.143,0.216,0.259,0.236,0.086,2055,6,0,0,0
"SSP3","Zambia",2055,"20--24",1,5,0.059,0.143,0.216,0.259,0.236,0.086,"20--24",0.059,0.143,0.216,0.259,0.236,0.086,2060,6,0,0,0
"SSP3","Zambia",2060,"20--24",1,5,0.059,0.143,0.216,0.259,0.236,0.086,"20--24",0.059,0.143,0.216,0.259,0.236,0.086,2065,6,0,0,0
"SSP3","Zambia",2065,"20--24",1,5,0.059,0.143,0.216,0.259,0.236,0.086,"20--24",0.059,0.143,0.216,0.259,0.236,0.086,2070,6,0,0,0
"SSP3","Zambia",2070,"20--24",1,5,0.059,0.143,0.216,0.259,0.236,0.086,"20--24",0.059,0.143,0.216,0.259,0.236,0.086,2075,6,0,0,0
"SSP3","Zambia",2015,"25--29",1,6,0.088,0.151,0.204,0.216,0.192,0.149,"25--29",0.075,0.14,0.21,0.222,0.199,0.154,2020,7,0.0260416666666667,0.0555555555555555,0.0882352941176469
"SSP3","Zambia",2020,"25--29",1,6,0.075,0.14,0.21,0.222,0.199,0.154,"25--29",0.059,0.143,0.214,0.226,0.202,0.156,2025,7,0.0100502512562814,0.0225225225225225,0.0428571428571429
"SSP3","Zambia",2025,"25--29",1,6,0.059,0.143,0.214,0.226,0.202,0.156,"25--29",0.059,0.143,0.214,0.226,0.201,0.156,2030,7,0,0,0
"SSP3","Zambia",2030,"25--29",1,6,0.059,0.143,0.214,0.226,0.201,0.156,"25--29",0.059,0.143,0.214,0.226,0.201,0.156,2035,7,0,0,0
"SSP3","Zambia",2035,"25--29",1,6,0.059,0.143,0.214,0.226,0.201,0.156,"25--29",0.059,0.143,0.214,0.226,0.201,0.156,2040,7,0,0,0
"SSP3","Zambia",2040,"25--29",1,6,0.059,0.143,0.214,0.226,0.201,0.156,"25--29",0.059,0.143,0.214,0.226,0.201,0.156,2045,7,0,0,0
"SSP3","Zambia",2045,"25--29",1,6,0.059,0.143,0.214,0.226,0.201,0.156,"25--29",0.059,0.143,0.214,0.226,0.201,0.156,2050,7,0,0,0
"SSP3","Zambia",2050,"25--29",1,6,0.059,0.143,0.214,0.226,0.201,0.156,"25--29",0.059,0.143,0.214,0.226,0.201,0.156,2055,7,0,0,0
"SSP3","Zambia",2055,"25--29",1,6,0.059,0.143,0.214,0.226,0.201,0.156,"25--29",0.059,0.143,0.214,0.226,0.201,0.156,2060,7,0,0,0
"SSP3","Zambia",2060,"25--29",1,6,0.059,0.143,0.214,0.226,0.201,0.156,"25--29",0.059,0.143,0.214,0.226,0.201,0.156,2065,7,0,0,0
"SSP3","Zambia",2065,"25--29",1,6,0.059,0.143,0.214,0.226,0.201,0.156,"25--29",0.059,0.143,0.214,0.226,0.201,0.156,2070,7,0,0,0
"SSP3","Zambia",2070,"25--29",1,6,0.059,0.143,0.214,0.226,0.201,0.156,"25--29",0.059,0.143,0.214,0.226,0.201,0.156,2075,7,0,0,0
"SSP3","Zambia",2015,"15--19",2,4,0.072,0.205,0.279,0.35,0.094,0,"15--19",0.072,0.205,0.279,0.35,0.094,0,2020,5,0,0,0
"SSP3","Zambia",2020,"15--19",2,4,0.072,0.205,0.279,0.35,0.094,0,"15--19",0.072,0.205,0.279,0.35,0.094,0,2025,5,0,0,0
"SSP3","Zambia",2025,"15--19",2,4,0.072,0.205,0.279,0.35,0.094,0,"15--19",0.072,0.205,0.279,0.35,0.094,0,2030,5,0,0,0
"SSP3","Zambia",2030,"15--19",2,4,0.072,0.205,0.279,0.35,0.094,0,"15--19",0.072,0.205,0.279,0.35,0.094,0,2035,5,0,0,0
"SSP3","Zambia",2035,"15--19",2,4,0.072,0.205,0.279,0.35,0.094,0,"15--19",0.072,0.205,0.279,0.35,0.094,0,2040,5,0,0,0
"SSP3","Zambia",2040,"15--19",2,4,0.072,0.205,0.279,0.35,0.094,0,"15--19",0.072,0.205,0.279,0.35,0.094,0,2045,5,0,0,0
"SSP3","Zambia",2045,"15--19",2,4,0.072,0.205,0.279,0.35,0.094,0,"15--19",0.072,0.205,0.279,0.35,0.094,0,2050,5,0,0,0
"SSP3","Zambia",2050,"15--19",2,4,0.072,0.205,0.279,0.35,0.094,0,"15--19",0.072,0.205,0.279,0.35,0.094,0,2055,5,0,0,0
"SSP3","Zambia",2055,"15--19",2,4,0.072,0.205,0.279,0.35,0.094,0,"15--19",0.072,0.205,0.279,0.35,0.094,0,2060,5,0,0,0
"SSP3","Zambia",2060,"15--19",2,4,0.072,0.205,0.279,0.35,0.094,0,"15--19",0.072,0.205,0.279,0.35,0.094,0,2065,5,0,0,0
"SSP3","Zambia",2065,"15--19",2,4,0.072,0.205,0.279,0.35,0.094,0,"15--19",0.072,0.205,0.279,0.35,0.094,0,2070,5,0,0,0
"SSP3","Zambia",2070,"15--19",2,4,0.072,0.205,0.279,0.35,0.094,0,"15--19",0.072,0.205,0.279,0.35,0.094,0,2075,5,0,0,0
"SSP3","Zambia",2015,"20--24",2,5,0.096,0.207,0.214,0.224,0.182,0.076,"20--24",0.072,0.205,0.222,0.233,0.189,0.079,2020,6,0.0164835164835165,0.0446428571428571,0.088785046728972
"SSP3","Zambia",2020,"20--24",2,5,0.072,0.205,0.222,0.233,0.189,0.079,"20--24",0.072,0.205,0.222,0.233,0.189,0.079,2025,6,0,0,0
"SSP3","Zambia",2025,"20--24",2,5,0.072,0.205,0.222,0.233,0.189,0.079,"20--24",0.072,0.205,0.222,0.233,0.189,0.079,2030,6,0,0,0
"SSP3","Zambia",2030,"20--24",2,5,0.072,0.205,0.222,0.233,0.189,0.079,"20--24",0.072,0.205,0.222,0.233,0.189,0.079,2035,6,0,0,0
"SSP3","Zambia",2035,"20--24",2,5,0.072,0.205,0.222,0.233,0.189,0.079,"20--24",0.072,0.205,0.222,0.233,0.189,0.079,2040,6,0,0,0
"SSP3","Zambia",2040,"20--24",2,5,0.072,0.205,0.222,0.233,0.189,0.079,"20--24",0.072,0.205,0.222,0.233,0.189,0.079,2045,6,0,0,0
"SSP3","Zambia",2045,"20--24",2,5,0.072,0.205,0.222,0.233,0.189,0.079,"20--24",0.072,0.205,0.222,0.233,0.189,0.079,2050,6,0,0,0
"SSP3","Zambia",2050,"20--24",2,5,0.072,0.205,0.222,0.233,0.189,0.079,"20--24",0.072,0.205,0.222,0.233,0.189,0.079,2055,6,0,0,0
"SSP3","Zambia",2055,"20--24",2,5,0.072,0.205,0.222,0.233,0.189,0.079,"20--24",0.072,0.205,0.222,0.233,0.189,0.079,2060,6,0,0,0
"SSP3","Zambia",2060,"20--24",2,5,0.072,0.205,0.222,0.233,0.189,0.079,"20--24",0.072,0.205,0.222,0.233,0.189,0.079,2065,6,0,0,0
"SSP3","Zambia",2065,"20--24",2,5,0.072,0.205,0.222,0.233,0.189,0.079,"20--24",0.072,0.205,0.222,0.233,0.189,0.079,2070,6,0,0,0
"SSP3","Zambia",2070,"20--24",2,5,0.072,0.205,0.222,0.233,0.189,0.079,"20--24",0.072,0.205,0.222,0.233,0.189,0.079,2075,6,0,0,0
"SSP3","Zambia",2015,"25--29",2,6,0.137,0.217,0.208,0.192,0.127,0.118,"25--29",0.096,0.206,0.214,0.212,0.141,0.131,2020,7,0.102362204724409,0.140625,0.225961538461538
"SSP3","Zambia",2020,"25--29",2,6,0.096,0.206,0.214,0.212,0.141,0.131,"25--29",0.072,0.205,0.222,0.22,0.146,0.136,2025,7,0.0354609929078015,0.0471698113207548,0.0841121495327104
"SSP3","Zambia",2025,"25--29",2,6,0.072,0.205,0.222,0.22,0.146,0.136,"25--29",0.072,0.205,0.222,0.22,0.146,0.135,2030,7,0,0,0
"SSP3","Zambia",2030,"25--29",2,6,0.072,0.205,0.222,0.22,0.146,0.135,"25--29",0.072,0.205,0.222,0.22,0.146,0.135,2035,7,0,0,0
"SSP3","Zambia",2035,"25--29",2,6,0.072,0.205,0.222,0.22,0.146,0.135,"25--29",0.072,0.205,0.222,0.22,0.146,0.135,2040,7,0,0,0
"SSP3","Zambia",2040,"25--29",2,6,0.072,0.205,0.222,0.22,0.146,0.135,"25--29",0.072,0.205,0.222,0.22,0.146,0.135,2045,7,0,0,0
"SSP3","Zambia",2045,"25--29",2,6,0.072,0.205,0.222,0.22,0.146,0.135,"25--29",0.072,0.205,0.222,0.22,0.146,0.135,2050,7,0,0,0
"SSP3","Zambia",2050,"25--29",2,6,0.072,0.205,0.222,0.22,0.146,0.135,"25--29",0.072,0.205,0.222,0.22,0.146,0.135,2055,7,0,0,0
"SSP3","Zambia",2055,"25--29",2,6,0.072,0.205,0.222,0.22,0.146,0.135,"25--29",0.072,0.205,0.222,0.22,0.146,0.135,2060,7,0,0,0
"SSP3","Zambia",2060,"25--29",2,6,0.072,0.205,0.222,0.22,0.146,0.135,"25--29",0.072,0.205,0.222,0.22,0.146,0.135,2065,7,0,0,0
"SSP3","Zambia",2065,"25--29",2,6,0.072,0.205,0.222,0.22,0.146,0.135,"25--29",0.072,0.205,0.222,0.22,0.146,0.135,2070,7,0,0,0
"SSP3","Zambia",2070,"25--29",2,6,0.072,0.205,0.222,0.22,0.146,0.135,"25--29",0.072,0.205,0.222,0.22,0.146,0.135,2075,7,0,0,0
"Universal","Zambia",2015,"15--19",1,4,0.059,0.217,0.279,0.349,0.096,0,"15--19",0.027,0.098,0.12,0.491,0.264,0,2020,5,0,0.481375358166189,1.11111111111111
"Universal","Zambia",2020,"15--19",1,4,0.027,0.098,0.12,0.491,0.264,0,"15--19",0.004,0.005,0.014,0.605,0.372,0,2025,5,0,0.219959266802444,1.85
"Universal","Zambia",2025,"15--19",1,4,0.004,0.005,0.014,0.605,0.372,0,"15--19",0.001,0.001,0.004,0.603,0.391,0,2030,5,0,0.0314049586776859,1.21428571428572
"Universal","Zambia",2030,"15--19",1,4,0.001,0.001,0.004,0.603,0.391,0,"15--19",0,0,0.001,0.602,0.397,0,2035,5,0,0.00995024875621891,1.25
"Universal","Zambia",2035,"15--19",1,4,0,0,0.001,0.602,0.397,0,"15--19",0,0,0.001,0.6,0.4,0,2040,5,0,0.00498338870431894,1
"Universal","Zambia",2040,"15--19",1,4,0,0,0.001,0.6,0.4,0,"15--19",0,0,0.001,0.6,0.4,0,2045,5,0,0,0
"Universal","Zambia",2045,"15--19",1,4,0,0,0.001,0.6,0.4,0,"15--19",0,0,0.001,0.6,0.4,0,2050,5,0,0,0
"Universal","Zambia",2050,"15--19",1,4,0,0,0.001,0.6,0.4,0,"15--19",0,0,0.001,0.6,0.4,0,2055,5,0,0,0
"Universal","Zambia",2055,"15--19",1,4,0,0,0.001,0.6,0.4,0,"15--19",0,0,0.001,0.6,0.4,0,2060,5,0,0,0
"Universal","Zambia",2060,"15--19",1,4,0,0,0.001,0.6,0.4,0,"15--19",0,0,0.001,0.6,0.4,0,2065,5,0,0,0
"Universal","Zambia",2065,"15--19",1,4,0,0,0.001,0.6,0.4,0,"15--19",0,0,0.001,0.6,0.4,0,2070,5,0,0,0
"Universal","Zambia",2070,"15--19",1,4,0,0,0.001,0.6,0.4,0,"15--19",0,0,0.001,0.6,0.4,0,2075,5,0,0,0
"Universal","Zambia",2015,"20--24",1,5,0.075,0.141,0.213,0.255,0.232,0.085,"20--24",0.043,0.064,0.098,0.15,0.426,0.219,2020,6,0.577586206896552,1.28627450980392,1.04694835680751
"Universal","Zambia",2020,"20--24",1,5,0.043,0.064,0.098,0.15,0.426,0.219,"20--24",0.018,0.015,0.035,0.091,0.54,0.301,2025,6,0.192488262910798,1.30666666666667,1.39795918367347
"Universal","Zambia",2025,"20--24",1,5,0.018,0.015,0.035,0.091,0.54,0.301,"20--24",0.004,0.005,0.014,0.047,0.564,0.367,2030,6,0.122222222222222,0.989010989010989,1.31428571428571
"Universal","Zambia",2030,"20--24",1,5,0.004,0.005,0.014,0.047,0.564,0.367,"20--24",0.001,0.001,0.004,0.017,0.548,0.429,2035,6,0.109929078014184,0.978723404255318,1.14285714285714
"Universal","Zambia",2035,"20--24",1,5,0.001,0.001,0.004,0.017,0.548,0.429,"20--24",0,0,0.001,0.005,0.515,0.479,2040,6,0.0912408759124087,1,1.25000000000002
"Universal","Zambia",2040,"20--24",1,5,0,0,0.001,0.005,0.515,0.479,"20--24",0,0,0.001,0.001,0.474,0.525,2045,6,0.0893203883495146,1,1
"Universal","Zambia",2045,"20--24",1,5,0,0,0.001,0.001,0.474,0.525,"20--24",0,0,0.001,0.001,0.439,0.561,2050,6,0.0759493670886077,1.00000000000006,1.00000000000006
"Universal","Zambia",2050,"20--24",1,5,0,0,0.001,0.001,0.439,0.561,"20--24",0,0,0.001,0.001,0.413,0.587,2055,6,0.0592255125284739,0,0
"Universal","Zambia",2055,"20--24",1,5,0,0,0.001,0.001,0.413,0.587,"20--24",0,0,0.001,0.001,0.394,0.606,2060,6,0.0460048426150119,0,0
"Universal","Zambia",2060,"20--24",1,5,0,0,0.001,0.001,0.394,0.606,"20--24",0,0,0.001,0.001,0.383,0.617,2065,6,0.0279187817258884,0,0
"Universal","Zambia",2065,"20--24",1,5,0,0,0.001,0.001,0.383,0.617,"20--24",0,0,0.001,0.001,0.377,0.623,2070,6,0.0156657963446475,5.55111512312578e-14,5.55111512312578e-14
"Universal","Zambia",2070,"20--24",1,5,0,0,0.001,0.001,0.377,0.623,"20--24",0,0,0.001,0.001,0.373,0.627,2075,6,0.0106100795755968,0,0
"Universal","Zambia",2015,"25--29",1,6,0.088,0.151,0.204,0.216,0.192,0.149,"25--29",0.068,0.088,0.114,0.171,0.288,0.273,2020,7,0.645833333333333,1.01851851851852,0.857843137254902
"Universal","Zambia",2020,"25--29",1,6,0.068,0.088,0.114,0.171,0.288,0.273,"25--29",0.043,0.052,0.069,0.152,0.338,0.347,2025,7,0.256944444444444,0.725146198830409,0.921052631578947
"Universal","Zambia",2025,"25--29",1,6,0.043,0.052,0.069,0.152,0.338,0.347,"25--29",0.018,0.015,0.035,0.091,0.41,0.431,2030,7,0.248520710059172,1.02631578947368,1.3768115942029
"Universal","Zambia",2030,"25--29",1,6,0.018,0.015,0.035,0.091,0.41,0.431,"25--29",0.004,0.005,0.014,0.047,0.407,0.523,2035,7,0.224390243902439,0.978021978021979,1.28571428571429
"Universal","Zambia",2035,"25--29",1,6,0.004,0.005,0.014,0.047,0.407,0.523,"25--29",0.001,0.001,0.004,0.017,0.364,0.613,2040,7,0.221130221130221,0.999999999999999,1.21428571428571
"Universal","Zambia",2040,"25--29",1,6,0.001,0.001,0.004,0.017,0.364,0.613,"25--29",0,0,0.001,0.005,0.31,0.684,2045,7,0.195054945054945,1,1.25000000000002
"Universal","Zambia",2045,"25--29",1,6,0,0,0.001,0.005,0.31,0.684,"25--29",0,0,0.001,0.001,0.25,0.749,2050,7,0.209677419354839,1.00000000000001,1.00000000000006
"Universal","Zambia",2050,"25--29",1,6,0,0,0.001,0.001,0.25,0.749,"25--29",0,0,0.001,0.001,0.198,0.802,2055,7,0.212,0.999999999999945,0.999999999999945
"Universal","Zambia",2055,"25--29",1,6,0,0,0.001,0.001,0.198,0.802,"25--29",0,0,0.001,0.001,0.161,0.839,2060,7,0.186868686868687,2.77555756156289e-14,2.77555756156289e-14
"Universal","Zambia",2060,"25--29",1,6,0,0,0.001,0.001,0.161,0.839,"25--29",0,0,0.001,0.001,0.134,0.866,2065,7,0.167701863354037,0,0
"Universal","Zambia",2065,"25--29",1,6,0,0,0.001,0.001,0.134,0.866,"25--29",0,0,0.001,0.001,0.119,0.881,2070,7,0.111940298507462,0,0
"Universal","Zambia",2070,"25--29",1,6,0,0,0.001,0.001,0.119,0.881,"25--29",0,0,0.001,0.001,0.111,0.889,2075,7,0.0672268907563035,1.11022302462516e-13,1.11022302462516e-13
"Universal","Zambia",2015,"15--19",2,4,0.072,0.205,0.279,0.35,0.094,0,"15--19",0.034,0.089,0.113,0.494,0.27,0,2020,5,0,0.502857142857143,1.14695340501792
"Universal","Zambia",2020,"15--19",2,4,0.034,0.089,0.113,0.494,0.27,0,"15--19",0.003,0.003,0.008,0.61,0.376,0,2025,5,0,0.214574898785425,1.9646017699115
"Universal","Zambia",2025,"15--19",2,4,0.003,0.003,0.008,0.61,0.376,0,"15--19",0,0.001,0.002,0.603,0.394,0,2030,5,0,0.0295081967213114,1.375
"Universal","Zambia",2030,"15--19",2,4,0,0.001,0.002,0.603,0.394,0,"15--19",0,0,0.001,0.601,0.399,0,2035,5,0,0.00829187396351576,1.5
"Universal","Zambia",2035,"15--19",2,4,0,0,0.001,0.601,0.399,0,"15--19",0,0,0.001,0.6,0.4,0,2040,5,0,0.0016638935108154,1.11022302462516e-13
"Universal","Zambia",2040,"15--19",2,4,0,0,0.001,0.6,0.4,0,"15--19",0,0,0.001,0.6,0.4,0,2045,5,0,0,0
"Universal","Zambia",2045,"15--19",2,4,0,0,0.001,0.6,0.4,0,"15--19",0,0,0.001,0.6,0.4,0,2050,5,0,0,0
"Universal","Zambia",2050,"15--19",2,4,0,0,0.001,0.6,0.4,0,"15--19",0,0,0.001,0.6,0.4,0,2055,5,0,0,0
"Universal","Zambia",2055,"15--19",2,4,0,0,0.001,0.6,0.4,0,"15--19",0,0,0.001,0.6,0.4,0,2060,5,0,0,0
"Universal","Zambia",2060,"15--19",2,4,0,0,0.001,0.6,0.4,0,"15--19",0,0,0.001,0.6,0.4,0,2065,5,0,0,0
"Universal","Zambia",2065,"15--19",2,4,0,0,0.001,0.6,0.4,0,"15--19",0,0,0.001,0.6,0.4,0,2070,5,0,0,0
"Universal","Zambia",2070,"15--19",2,4,0,0,0.001,0.6,0.4,0,"15--19",0,0,0.001,0.6,0.4,0,2075,5,0,0,0
"Universal","Zambia",2015,"20--24",2,5,0.096,0.207,0.214,0.224,0.182,0.076,"20--24",0.061,0.084,0.088,0.147,0.4,0.22,2020,6,0.791208791208791,1.61607142857143,1.33177570093458
"Universal","Zambia",2020,"20--24",2,5,0.061,0.084,0.088,0.147,0.4,0.22,"20--24",0.015,0.012,0.024,0.117,0.528,0.304,2025,6,0.21,1.4421768707483,2.06818181818182
"Universal","Zambia",2025,"20--24",2,5,0.015,0.012,0.024,0.117,0.528,0.304,"20--24",0.003,0.003,0.008,0.045,0.566,0.375,2030,6,0.134469696969697,0.931623931623932,1.54166666666667
"Universal","Zambia",2030,"20--24",2,5,0.003,0.003,0.008,0.045,0.566,0.375,"20--24",0,0.001,0.002,0.014,0.539,0.444,2035,6,0.121908127208481,0.933333333333333,1.375
"Universal","Zambia",2035,"20--24",2,5,0,0.001,0.002,0.014,0.539,0.444,"20--24",0,0,0.001,0.003,0.502,0.495,2040,6,0.0946196660482374,0.999999999999997,1.49999999999998
"Universal","Zambia",2040,"20--24",2,5,0,0,0.001,0.003,0.502,0.495,"20--24",0,0,0.001,0.001,0.455,0.545,2045,6,0.0996015936254981,1.00000000000002,1.00000000000006
"Universal","Zambia",2045,"20--24",2,5,0,0,0.001,0.001,0.455,0.545,"20--24",0,0,0.001,0.001,0.421,0.579,2050,6,0.0747252747252745,0,0
"Universal","Zambia",2050,"20--24",2,5,0,0,0.001,0.001,0.421,0.579,"20--24",0,0,0.001,0.001,0.397,0.603,2055,6,0.0570071258907364,0,0
"Universal","Zambia",2055,"20--24",2,5,0,0,0.001,0.001,0.397,0.603,"20--24",0,0,0.001,0.001,0.384,0.616,2060,6,0.0327455919395466,0,0
"Universal","Zambia",2060,"20--24",2,5,0,0,0.001,0.001,0.384,0.616,"20--24",0,0,0.001,0.001,0.376,0.624,2065,6,0.0208333333333334,0,0
"Universal","Zambia",2065,"20--24",2,5,0,0,0.001,0.001,0.376,0.624,"20--24",0,0,0.001,0.001,0.373,0.627,2070,6,0.00797872340425533,0,0
"Universal","Zambia",2070,"20--24",2,5,0,0,0.001,0.001,0.373,0.627,"20--24",0,0,0.001,0.001,0.371,0.629,2075,6,0.00536193029490617,0,0
"Universal","Zambia",2015,"25--29",2,6,0.137,0.217,0.208,0.192,0.127,0.118,"25--29",0.096,0.116,0.1,0.18,0.251,0.257,2020,7,1.09448818897638,1.36979166666667,1.20673076923077
"Universal","Zambia",2020,"25--29",2,6,0.096,0.116,0.1,0.18,0.251,0.257,"25--29",0.061,0.042,0.047,0.19,0.324,0.336,2025,7,0.314741035856574,0.844444444444445,1.62
"Universal","Zambia",2025,"25--29",2,6,0.061,0.042,0.047,0.19,0.324,0.336,"25--29",0.015,0.012,0.024,0.117,0.398,0.434,2030,7,0.302469135802469,0.905263157894736,2.1063829787234
"Universal","Zambia",2030,"25--29",2,6,0.015,0.012,0.024,0.117,0.398,0.434,"25--29",0.003,0.003,0.008,0.045,0.406,0.535,2035,7,0.253768844221106,0.931623931623933,1.54166666666667
"Universal","Zambia",2035,"25--29",2,6,0.003,0.003,0.008,0.045,0.406,0.535,"25--29",0,0.001,0.002,0.014,0.348,0.635,2040,7,0.246305418719212,0.933333333333332,1.37499999999999
"Universal","Zambia",2040,"25--29",2,6,0,0.001,0.002,0.014,0.348,0.635,"25--29",0,0,0.001,0.003,0.29,0.707,2045,7,0.206896551724138,1,1.50000000000003
"Universal","Zambia",2045,"25--29",2,6,0,0,0.001,0.003,0.29,0.707,"25--29",0,0,0.001,0.001,0.222,0.778,2050,7,0.244827586206896,0.999999999999992,0.999999999999975
"Universal","Zambia",2050,"25--29",2,6,0,0,0.001,0.001,0.222,0.778,"25--29",0,0,0.001,0.001,0.173,0.827,2055,7,0.220720720720721,5.55111512312578e-14,5.55111512312578e-14
"Universal","Zambia",2055,"25--29",2,6,0,0,0.001,0.001,0.173,0.827,"25--29",0,0,0.001,0.001,0.139,0.861,2060,7,0.196531791907514,0,0
"Universal","Zambia",2060,"25--29",2,6,0,0,0.001,0.001,0.139,0.861,"25--29",0,0,0.001,0.001,0.119,0.881,2065,7,0.14388489208633,0,0
"Universal","Zambia",2065,"25--29",2,6,0,0,0.001,0.001,0.119,0.881,"25--29",0,0,0.001,0.001,0.109,0.891,2070,7,0.0840336134453782,0,0
"Universal","Zambia",2070,"25--29",2,6,0,0,0.001,0.001,0.109,0.891,"25--29",0,0,0.001,0.001,0.104,0.896,2075,7,0.0458715596330276,1.38777878078145e-14,1.38777878078145e-14
